Name,Start,End,Size
entry,0x00100008,0x001000AC,164
sceGsResetGraph,0x001000C0,0x001001D0,272
sceGsGetGParam,0x001001D0,0x001001DC,12
sceGsResetPath,0x001001E0,0x00100248,104
sceGsSetDefDispEnv,0x00100248,0x001004B8,624
sceGsPutDispEnv,0x001004B8,0x00100574,188
sceGszbufaddr,0x00100578,0x00100640,200
sceGsSetDefDrawEnv,0x00100640,0x00100824,484
sceGsSetDefClear,0x00100828,0x0010092C,260
sceGsPutDrawEnv,0x00100930,0x00100A18,232
sceGsSyncV,0x00100A18,0x00100AAC,148
sceGsSyncPath,0x00100AB0,0x00100DC4,788
sceGsSetDefLoadImage,0x00100DC8,0x00100FAC,484
sceGsSetDefStoreImage,0x00100FB0,0x001010F0,320
sceGsExecLoadImage,0x001010F0,0x0010126C,380
sceGsExecStoreImage,0x00101270,0x001018FC,1676
sceGsSetHalfOffset,0x00101900,0x00101988,136
sceGsSetDefDrawEnv2,0x00101988,0x00101B68,480
sceGsSetHalfOffset2,0x00101B68,0x00101BF0,136
sceGsSetDefDBuffDc,0x00101BF0,0x00101ED4,740
sceGsSwapDBuffDc,0x00101ED8,0x00101F34,92
FUN_00101f40,0x00101F40,0x00102274,820
FUN_00102278,0x00102278,0x00102928,1712
FUN_00102928,0x00102928,0x00102D48,1056
FUN_00102d48,0x00102D48,0x00103CA8,584
FUN_00103ca8,0x00103CA8,0x00103CD0,40
FUN_00103cd0,0x00103CD0,0x00103ECC,508
FUN_00103ed0,0x00103ED0,0x00103EEC,28
FUN_00103ef0,0x00103EF0,0x00104078,392
FUN_00104078,0x00104078,0x00104188,272
FUN_00104188,0x00104188,0x001042AC,292
FUN_001042b0,0x001042B0,0x001043D4,292
FUN_001043d8,0x001043D8,0x001045D8,512
FUN_001045d8,0x001045D8,0x001046A4,204
FUN_001046a8,0x001046A8,0x00104BCC,1316
FUN_00104bd0,0x00104BD0,0x00104C58,136
FUN_00104c58,0x00104C58,0x00104DD4,380
FUN_00104dd8,0x00104DD8,0x00104F14,316
FUN_00104f18,0x00104F18,0x00104F48,48
FUN_00104f48,0x00104F48,0x00104FEC,164
FUN_00104ff0,0x00104FF0,0x001050A0,176
FUN_001050a0,0x001050A0,0x00105254,436
FUN_00105258,0x00105258,0x0010538C,308
FUN_00105390,0x00105390,0x001054A4,276
FUN_001054a8,0x001054A8,0x00105610,360
FUN_00105610,0x00105610,0x00105678,104
FUN_00105678,0x00105678,0x001056E4,108
FUN_001056e8,0x001056E8,0x0010580C,292
FUN_00105810,0x00105810,0x001058DC,204
FUN_001058e0,0x001058E0,0x00105990,172
FUN_00105990,0x00105990,0x00105BBC,556
FUN_00105bc0,0x00105BC0,0x00105BF4,48
FUN_00105bf8,0x00105BF8,0x00105CD8,224
FUN_00105cd8,0x00105CD8,0x00105DBC,228
FUN_00105e70,0x00105E70,0x00105F60,240
FUN_00105f60,0x00105F60,0x0010600C,172
FUN_00106010,0x00106010,0x001060F0,224
FUN_001060f0,0x001060F0,0x001061A8,184
FUN_001061a8,0x001061A8,0x00106584,988
FUN_00106588,0x00106588,0x00106624,156
FUN_00106628,0x00106628,0x00106814,492
FUN_00106850,0x00106850,0x001069E4,404
FUN_001069e8,0x001069E8,0x00106B00,336
FUN_00106b00,0x00106B00,0x00106CC0,448
FUN_00106cc0,0x00106CC0,0x00106DA8,232
FUN_00106e60,0x00106E60,0x00107010,432
FUN_00107010,0x00107010,0x00107164,340
sceMpegInit,0x00107168,0x00107210,168
sceMpegCreate,0x00107210,0x0010744C,572
sceMpegDelete,0x00107450,0x00107458,8
sceMpegAddBs,0x00107458,0x00107490,56
sceMpegGetPicture,0x00107490,0x001074D8,72
sceMpegGetPictureRAW8,0x001074D8,0x0010751C,68
sceMpegGetPictureRAW8xy,0x00107520,0x00107570,80
sceMpegSetDecodeMode,0x00107570,0x00107584,20
sceMpegGetDecodeMode,0x00107588,0x001075A8,32
sceMpegIsEnd,0x001075A8,0x001075B4,12
sceMpegIsRefBuffEmpty,0x001075B8,0x001075C8,16
sceMpegReset,0x001075C8,0x00107608,64
sceMpegClearRefBuff,0x00107608,0x00107670,104
sceMpegAddCallback,0x00107670,0x00107694,36
FUN_00107698,0x00107698,0x001076E8,80
FUN_001076e8,0x001076E8,0x0010770C,36
sceMpegSetDefaultPtsGap,0x00107710,0x00107724,20
sceMpegResetDefaultPtsGap,0x00107728,0x00107738,16
sceMpegSetImageBuff,0x00107738,0x0010774C,20
sceMpegDispWidth,0x00107750,0x0010775C,12
sceMpegDispHeight,0x00107760,0x0010776C,12
sceMpegDispCenterOffX,0x00107770,0x0010777C,12
sceMpegDispCenterOffY,0x00107780,0x0010778C,12
FUN_001077b8,0x001077B8,0x001077CC,20
FUN_001077d0,0x001077D0,0x001077DC,12
FUN_001077e0,0x001077E0,0x001077EC,12
FUN_001077f0,0x001077F0,0x00107858,104
FUN_00107870,0x00107870,0x001079E0,232
FUN_001079e0,0x001079E0,0x00107B04,292
FUN_00107b08,0x00107B08,0x00107B44,60
FUN_00107b48,0x00107B48,0x00107CB8,368
sceMpegFlush,0x00107CB8,0x00107D28,112
FUN_00107d28,0x00107D28,0x00107D38,16
FUN_00107d38,0x00107D38,0x00107DBC,132
FUN_00107dc0,0x00107DC0,0x00107E0C,76
FUN_00107e10,0x00107E10,0x00107EE0,208
FUN_00107ee0,0x00107EE0,0x00107EF0,16
FUN_00107ef0,0x00107EF0,0x00107F1C,44
FUN_00107f20,0x00107F20,0x00107F78,88
FUN_00107f78,0x00107F78,0x0010804C,212
FUN_00108050,0x00108050,0x00108070,32
FUN_00108070,0x00108070,0x0010850C,1176
FUN_00108510,0x00108510,0x001085F8,232
FUN_001085f8,0x001085F8,0x001086B8,192
FUN_001086b8,0x001086B8,0x0010881C,356
FUN_00108820,0x00108820,0x001088C0,160
FUN_00108c70,0x00108C70,0x00108CD8,104
FUN_00108cd8,0x00108CD8,0x00108F6C,660
SetGsCrt,0x00108FA0,0x00108FB0,16
_Exit,0x00108FC0,0x00108FD0,16
RemoveIntcHandler,0x001090A0,0x001090B0,16
AddDmacHandler,0x001090B0,0x001090C0,16
RemoveDmacHandler,0x001090D0,0x001090E0,16
_EnableIntc,0x001090E0,0x001090F0,16
_DisableIntc,0x001090F0,0x00109100,16
_EnableDmac,0x00109100,0x00109110,16
_DisableDmac,0x00109110,0x00109120,16
FUN_00109120,0x00109120,0x00109130,16
FUN_00109130,0x00109130,0x00109140,16
_iEnableIntc,0x00109140,0x00109150,16
_iDisableIntc,0x00109150,0x00109160,16
_iEnableDmac,0x00109160,0x00109170,16
_iDisableDmac,0x00109170,0x00109180,16
FUN_00109180,0x00109180,0x00109190,16
FUN_00109190,0x00109190,0x001091A0,16
CreateThread,0x001091A0,0x001091B0,16
_StartThread,0x001091C0,0x001091D0,16
ExitDeleteThread,0x001091E0,0x001091F0,16
ChangeThreadPriority,0x00109230,0x00109240,16
RotateThreadReadyQueue,0x00109250,0x00109260,16
GetThreadId,0x00109290,0x001092A0,16
ReferThreadStatus,0x001092A0,0x001092B0,16
SleepThread,0x001092C0,0x001092D0,16
WakeupThread,0x001092D0,0x001092E0,16
_iWakeupThread,0x001092E0,0x001092F0,16
SuspendThread,0x00109310,0x00109320,16
_iSuspendThread,0x00109320,0x00109330,16
EndOfHeap,0x00109380,0x00109390,16
CreateSema,0x001093A0,0x001093B0,16
DeleteSema,0x001093B0,0x001093C0,16
SignalSema,0x001093C0,0x001093D0,16
iSignalSema,0x001093D0,0x001093E0,16
WaitSema,0x001093E0,0x001093F0,16
PollSema,0x001093F0,0x00109400,16
FlushCache,0x00109620,0x00109630,16
iFlushCache,0x00109650,0x00109660,16
sceSifStopDma,0x00109670,0x00109680,16
GsGetIMR,0x001096C0,0x001096D0,16
GsPutIMR,0x001096E0,0x001096F0,16
SetVSyncFlag,0x00109710,0x00109720,16
_print,0x00109730,0x00109740,16
sceSifDmaStat,0x00109740,0x00109750,16
isceSifDmaStat,0x00109750,0x00109760,16
sceSifSetDma,0x00109760,0x00109770,16
isceSifSetDma,0x00109770,0x00109780,16
sceSifSetDChain,0x00109780,0x00109790,16
isceSifSetDChain,0x00109790,0x001097A0,16
sceSifSetReg,0x001097A0,0x001097B0,16
sceSifGetReg,0x001097B0,0x001097C0,16
Deci2Call,0x001097D0,0x001097E0,16
FUN_00109810,0x00109810,0x0010981C,12
FUN_00109820,0x00109820,0x00109860,64
FUN_00109860,0x00109860,0x001098C0,96
FUN_001098c0,0x001098C0,0x0010993C,124
FUN_00109940,0x00109940,0x001099B4,116
FUN_001099b8,0x001099B8,0x001099E0,40
FUN_001099e0,0x001099E0,0x001099E8,8
FUN_001099f0,0x001099F0,0x001099F8,8
FUN_001099f8,0x001099F8,0x00109AA4,172
FUN_00109aa8,0x00109AA8,0x00109AB0,8
FUN_00109ab0,0x00109AB0,0x00109AC4,20
FUN_00109ad0,0x00109AD0,0x00109AF8,40
FUN_00109af8,0x00109AF8,0x00109B20,40
FUN_00109b20,0x00109B20,0x00109B48,40
FUN_00109b48,0x00109B48,0x00109B9C,84
FUN_00109bb8,0x00109BB8,0x00109C5C,164
FUN_00109c60,0x00109C60,0x00109CD4,116
FUN_00109cf0,0x00109CF0,0x00109D94,164
FUN_00109d98,0x00109D98,0x00109E0C,116
FUN_00109e28,0x00109E28,0x00109E8C,100
FUN_00109e90,0x00109E90,0x00109EF4,100
FUN_00109ef8,0x00109EF8,0x00109F5C,100
FUN_00109f60,0x00109F60,0x00109FC4,100
FUN_00109fc8,0x00109FC8,0x0010A034,108
FUN_0010a038,0x0010A038,0x0010A09C,100
FUN_0010a0a0,0x0010A0A0,0x0010A0C0,32
FUN_0010a0c0,0x0010A0C0,0x0010A0E0,32
FUN_0010a0e0,0x0010A0E0,0x0010A100,32
FUN_0010a100,0x0010A100,0x0010A120,32
FUN_0010a120,0x0010A120,0x0010A140,32
FUN_0010a140,0x0010A140,0x0010A160,32
FUN_0010a160,0x0010A160,0x0010A238,216
FUN_0010a310,0x0010A310,0x0010A3A4,148
FUN_0010a3a8,0x0010A3A8,0x0010A424,124
FUN_0010a428,0x0010A428,0x0010A4C0,152
FUN_0010a4c0,0x0010A4C0,0x0010A504,68
FUN_0010a508,0x0010A508,0x0010A52C,36
FUN_0010a530,0x0010A530,0x0010A560,48
FUN_0010a560,0x0010A560,0x0010A584,36
FUN_0010a588,0x0010A588,0x0010A5BC,52
FUN_0010a5c0,0x0010A5C0,0x0010A5F4,52
FUN_0010a628,0x0010A628,0x0010A64C,36
FUN_0010a650,0x0010A650,0x0010A674,36
FUN_0010a678,0x0010A678,0x0010A69C,36
FUN_0010a6a0,0x0010A6A0,0x0010A6C4,36
FUN_0010a6c8,0x0010A6C8,0x0010A704,60
FUN_0010a708,0x0010A708,0x0010A744,60
FUN_0010a748,0x0010A748,0x0010A8DC,400
sceTtyWrite,0x0010A8E0,0x0010AA30,328
FUN_0010aa30,0x0010AA30,0x0010AB00,208
FUN_0010ab00,0x0010AB00,0x0010ABBC,188
FUN_0010abc0,0x0010ABC0,0x0010ABF8,56
FUN_0010abf8,0x0010ABF8,0x0010ACA8,176
FUN_0010aca8,0x0010ACA8,0x0010ACDC,52
FUN_0010ace0,0x0010ACE0,0x0010AD70,144
FUN_0010ad70,0x0010AD70,0x0010AE38,200
FUN_0010ae38,0x0010AE38,0x0010AFA0,352
FUN_0010afa0,0x0010AFA0,0x0010B568,1476
FUN_0010b568,0x0010B568,0x0010B5A0,56
FUN_0010b5a0,0x0010B5A0,0x0010B600,96
sceSifGetSreg,0x0010B630,0x0010B648,24
FUN_0010b678,0x0010B678,0x0010B914,668
FUN_0010b918,0x0010B918,0x0010B94C,52
FUN_0010b950,0x0010B950,0x0010B968,24
sceSifAddCmdHandler,0x0010B980,0x0010B9AC,44
FUN_0010b9b0,0x0010B9B0,0x0010B9D8,40
_sceSifSendCmd,0x0010B9D8,0x0010BB0C,308
sceSifSendCmd,0x0010BB10,0x0010BB4C,60
FUN_0010bb50,0x0010BB50,0x0010BB8C,60
FUN_0010bb90,0x0010BB90,0x0010BCB0,288
FUN_0010bcb0,0x0010BCB0,0x0010BD5C,172
sceSifInitRpc,0x0010BD60,0x0010BF1C,444
FUN_0010bf20,0x0010BF20,0x0010BF44,36
FUN_0010bf48,0x0010BF48,0x0010BFEC,164
FUN_0010bff0,0x0010BFF0,0x0010C00C,28
FUN_0010c010,0x0010C010,0x0010C040,48
FUN_0010c040,0x0010C040,0x0010C080,64
FUN_0010c080,0x0010C080,0x0010C134,180
FUN_0010c138,0x0010C138,0x0010C198,96
FUN_0010c198,0x0010C198,0x0010C2F0,344
FUN_0010c2f0,0x0010C2F0,0x0010C33C,76
FUN_0010c340,0x0010C340,0x0010C3F0,176
sceSifBindRpc,0x0010C3F0,0x0010C530,320
sceSifCallRpc,0x0010C5C0,0x0010C7AC,492
FUN_0010c7b0,0x0010C7B0,0x0010C7EC,60
FUN_0010ca18,0x0010CA18,0x0010CA64,76
FUN_0010ca68,0x0010CA68,0x0010CC44,476
FUN_0010cc48,0x0010CC48,0x0010CC88,60
FUN_0010cc88,0x0010CC88,0x0010CCF8,112
FUN_0010ccf8,0x0010CCF8,0x0010CD1C,36
FUN_0010cd30,0x0010CD30,0x0010CD38,8
FUN_0010cd38,0x0010CD38,0x0010CD40,8
FUN_0010cd48,0x0010CD48,0x0010CE90,328
FUN_0010ce90,0x0010CE90,0x0010CEF4,100
FUN_0010cef8,0x0010CEF8,0x0010CF2C,52
FUN_0010cf30,0x0010CF30,0x0010D0F0,448
FUN_0010d0f0,0x0010D0F0,0x0010D1E4,244
FUN_0010d1e8,0x0010D1E8,0x0010D334,332
FUN_0010d3d0,0x0010D3D0,0x0010D578,424
FUN_0010d578,0x0010D578,0x0010D760,488
FUN_0010d760,0x0010D760,0x0010D9A0,576
FUN_0010d9a0,0x0010D9A0,0x0010DAA0,256
FUN_0010daa0,0x0010DAA0,0x0010DB04,100
FUN_0010db08,0x0010DB08,0x0010DB40,56
FUN_0010db40,0x0010DB40,0x0010DD2C,492
FUN_0010dd30,0x0010DD30,0x0010DF30,512
sceSifLoadModule,0x0010DF30,0x0010DF4C,28
FUN_0010df50,0x0010DF50,0x0010E054,260
FUN_0010e058,0x0010E058,0x0010E074,28
FUN_0010e0a0,0x0010E0A0,0x0010E18C,236
FUN_0010e190,0x0010E190,0x0010E26C,220
FUN_0010e270,0x0010E270,0x0010E3A0,304
FUN_0010e3a0,0x0010E3A0,0x0010E3C8,40
sceSifSyncIop,0x0010E3C8,0x0010E410,72
sceSifRebootIop,0x0010E410,0x0010E510,256
FUN_0010e510,0x0010E510,0x0010E640,304
scePadInit,0x0010E640,0x0010E780,312
scePadInit2,0x0010E780,0x0010E81C,156
FUN_0010e820,0x0010E820,0x0010E8A0,128
scePadPortOpen,0x0010E8A0,0x0010EA84,484
scePadPortClose,0x0010EA88,0x0010EB40,184
FUN_0010eb40,0x0010EB40,0x0010EBA0,96
scePadRead,0x0010EBF0,0x0010EC6C,124
scePadGetState,0x0010EC70,0x0010ECE8,120
FUN_0010ed20,0x0010ED20,0x0010ED84,100
scePadGetReqState,0x0010ED88,0x0010EDD8,80
FUN_0010ee10,0x0010EE10,0x0010EF30,288
scePadInfoMode,0x0010F050,0x0010F188,312
scePadSetMainMode,0x0010F188,0x0010F23C,180
scePadSetActDirect,0x0010F240,0x0010F2F8,184
scePadSetActAlign,0x0010F2F8,0x0010F3D0,216
FUN_0010f3d0,0x0010F3D0,0x0010F484,180
FUN_0010f488,0x0010F488,0x0010F538,176
scePadInfoPressMode,0x0010F538,0x0010F594,92
FUN_0010f648,0x0010F648,0x0010F714,204
scePadGetPortMax,0x0010F718,0x0010F77C,100
scePadGetSlotMax,0x0010F780,0x0010F7E8,104
scePadGetModVersion,0x0010F7E8,0x0010F84C,100
FUN_0010f850,0x0010F850,0x0010F8B8,104
FUN_0010f8c0,0x0010F8C0,0x0010F928,104
sceCdCallback,0x0010F928,0x0010F964,60
FUN_0010f968,0x0010F968,0x0010FA18,176
FUN_0010fa18,0x0010FA18,0x0010FAE0,200
FUN_0010fae0,0x0010FAE0,0x0010FBB4,212
FUN_0010fc58,0x0010FC58,0x0010FCEC,148
FUN_0010fcf0,0x0010FCF0,0x0010FD58,104
FUN_0010fe80,0x0010FE80,0x0010FFC8,328
sceCdSearchFile,0x0010FFC8,0x001102B4,748
FUN_001102b8,0x001102B8,0x00110428,364
FUN_00110428,0x00110428,0x001104C0,152
FUN_001104f0,0x001104F0,0x001107D8,744
sceCdRead,0x001107D8,0x0011099C,452
FUN_001109a0,0x001109A0,0x00110AE0,320
FUN_00110ae0,0x00110AE0,0x00110D70,656
FUN_00110d70,0x00110D70,0x00110E40,208
FUN_00110e40,0x00110E40,0x00110EEC,172
FUN_00110ef0,0x00110EF0,0x00110FA0,176
FUN_00110fa0,0x00110FA0,0x0011104C,172
sceCdSync,0x00111050,0x001110F0,160
FUN_001110f0,0x001110F0,0x0011115C,108
FUN_00111160,0x00111160,0x001112D0,364
sceCdInit,0x001112D0,0x001115B8,744
sceCdDiskReady,0x001115B8,0x001117B0,500
FUN_001117b0,0x001117B0,0x00111864,180
sceCdGetDiskType,0x00111868,0x00111900,152
sceCdStatus,0x00111900,0x001119B8,184
sceCdGetError,0x001119B8,0x00111A50,152
FUN_00111a50,0x00111A50,0x00111B28,216
FUN_00111b28,0x00111B28,0x00111C10,232
sceCdMmode,0x00111C10,0x00111CCC,188
FUN_00111cd0,0x00111CD0,0x00111D8C,188
FUN_00111d90,0x00111D90,0x00111E88,248
FUN_00111e88,0x00111E88,0x00112088,508
FUN_00112088,0x00112088,0x0011216C,228
FUN_00112170,0x00112170,0x0011219C,44
FUN_001121a0,0x001121A0,0x001121D4,52
FUN_001121d8,0x001121D8,0x00112204,44
FUN_00112208,0x00112208,0x00112234,44
FUN_00112238,0x00112238,0x00112270,56
FUN_00112270,0x00112270,0x001123E0,368
FUN_001123e0,0x001123E0,0x00112430,80
FUN_00112430,0x00112430,0x00112484,84
FUN_00112488,0x00112488,0x001124D0,72
FUN_001124d0,0x001124D0,0x00112630,352
sceMcInit,0x00112630,0x00112788,340
FUN_001127b0,0x001127B0,0x0011283C,140
FUN_00112840,0x00112840,0x001128C8,136
FUN_001128c8,0x001128C8,0x001129AC,228
FUN_001129b0,0x001129B0,0x001129E4,52
FUN_001129e8,0x001129E8,0x00112A74,140
FUN_00112a78,0x00112A78,0x00112B08,144
FUN_00112b98,0x00112B98,0x00112C70,216
FUN_00112c70,0x00112C70,0x00112DB0,320
sceMcSync,0x00112DB0,0x00112E98,232
sceMcGetInfo,0x00112EF0,0x00113024,308
sceMcGetDir,0x00113028,0x00113110,232
FUN_00113110,0x00113110,0x00113194,132
FUN_00113198,0x00113198,0x00113280,232
FUN_00113280,0x00113280,0x00113310,144
FUN_00113310,0x00113310,0x001133E8,216
FUN_001133e8,0x001133E8,0x00113474,140
FUN_00113478,0x00113478,0x001135CC,340
FUN_001135d0,0x001135D0,0x001136CC,252
FUN_001136d0,0x001136D0,0x00113760,144
FUN_00113760,0x00113760,0x00113818,184
FUN_00113818,0x00113818,0x00113C48,1068
FUN_00113c48,0x00113C48,0x00113FE4,924
FUN_00113fe8,0x00113FE8,0x00114238,592
FUN_00114238,0x00114238,0x0011455C,804
FUN_00114560,0x00114560,0x00114940,988
FUN_00114940,0x00114940,0x00114A78,308
FUN_00114a78,0x00114A78,0x00114BD0,340
FUN_00114bd0,0x00114BD0,0x0011551C,2380
FUN_00115520,0x00115520,0x00115624,260
FUN_00115628,0x00115628,0x001158BC,656
FUN_001158c0,0x001158C0,0x00115908,72
FUN_00115908,0x00115908,0x00115940,56
FUN_00115940,0x00115940,0x00115964,36
FUN_00115968,0x00115968,0x00115C10,676
FUN_00115c10,0x00115C10,0x00115C40,48
FUN_00115c40,0x00115C40,0x00115D28,232
FUN_00115d28,0x00115D28,0x00115D44,28
FUN_00115d48,0x00115D48,0x00115E2C,228
FUN_00115e30,0x00115E30,0x00115E54,36
FUN_00115e58,0x00115E58,0x00115FB8,344
FUN_00115fb8,0x00115FB8,0x001160A8,240
FUN_001160a8,0x001160A8,0x00116130,136
FUN_00116130,0x00116130,0x0011622C,252
FUN_00116230,0x00116230,0x0011632C,252
FUN_00116330,0x00116330,0x0011646C,316
FUN_00116470,0x00116470,0x001165B8,328
FUN_001165b8,0x001165B8,0x00116674,188
FUN_00116678,0x00116678,0x001166D0,88
FUN_001166d0,0x001166D0,0x001168E4,532
FUN_001168e8,0x001168E8,0x00117AB4,4536
FUN_00117ab8,0x00117AB8,0x00117AC4,12
FUN_00117ac8,0x00117AC8,0x00117BCC,260
FUN_00117bd0,0x00117BD0,0x00117C28,88
FUN_00117c28,0x00117C28,0x00117C98,112
FUN_00117c98,0x00117C98,0x00117D78,224
FUN_00117d98,0x00117D98,0x00117E24,140
FUN_00117e28,0x00117E28,0x00118144,796
FUN_00118148,0x00118148,0x001182B4,364
FUN_001182b8,0x001182B8,0x00118314,92
FUN_00118318,0x00118318,0x001186F0,984
FUN_001186f0,0x001186F0,0x00118784,148
FUN_00118788,0x00118788,0x0011880C,132
FUN_00118810,0x00118810,0x0011881C,12
FUN_00118850,0x00118850,0x00118874,36
FUN_00118878,0x00118878,0x001188D8,96
FUN_001188d8,0x001188D8,0x00118A28,336
FUN_00118a28,0x00118A28,0x00118A50,40
FUN_00118a50,0x00118A50,0x00118A60,16
FUN_00118a60,0x00118A60,0x00118CB4,596
FUN_00118cb8,0x00118CB8,0x00119430,1912
FUN_00119430,0x00119430,0x0011946C,60
FUN_0011946c,0x0011946C,0x0011954C,224
FUN_0011954c,0x0011954C,0x001195E0,148
FUN_001195e0,0x001195E0,0x00119690,176
FUN_00119690,0x00119690,0x00119794,260
FUN_00119794,0x00119794,0x00119854,192
FUN_00119858,0x00119858,0x00119860,8
FUN_00119860,0x00119860,0x00119868,8
FUN_00119868,0x00119868,0x00119910,168
FUN_00119910,0x00119910,0x0011993C,44
FUN_00119940,0x00119940,0x00119A54,276
FUN_00119a58,0x00119A58,0x00119BA0,328
FUN_00119ba0,0x00119BA0,0x00119C24,132
FUN_00119c28,0x00119C28,0x00119CE8,192
FUN_00119ce8,0x00119CE8,0x00119D20,56
FUN_00119d20,0x00119D20,0x00119F4C,556
FUN_00119f50,0x00119F50,0x0011A050,252
FUN_0011a050,0x0011A050,0x0011A1C8,376
FUN_0011a1c8,0x0011A1C8,0x0011A230,104
FUN_0011a230,0x0011A230,0x0011A3C0,400
FUN_0011a458,0x0011A458,0x0011A5D4,380
FUN_0011a5d8,0x0011A5D8,0x0011A754,380
FUN_0011a758,0x0011A758,0x0011A818,192
FUN_0011a818,0x0011A818,0x0011A884,108
FUN_0011a888,0x0011A888,0x0011A8C4,60
FUN_0011a8c8,0x0011A8C8,0x0011A918,80
FUN_0011a918,0x0011A918,0x0011A978,96
FUN_0011a978,0x0011A978,0x0011A9D4,92
FUN_0011a9d8,0x0011A9D8,0x0011AA40,104
FUN_0011aa40,0x0011AA40,0x0011AAB0,112
FUN_0011aab0,0x0011AAB0,0x0011AB14,100
FUN_0011ab18,0x0011AB18,0x0011AB98,128
FUN_0011ab98,0x0011AB98,0x0011AC00,104
FUN_0011ac00,0x0011AC00,0x0011AC20,32
FUN_0011ac20,0x0011AC20,0x0011ACD4,180
FUN_0011acd4,0x0011ACD4,0x0011AE00,300
FUN_0011ae00,0x0011AE00,0x0011AF44,324
FUN_0011af44,0x0011AF44,0x0011B058,276
FUN_0011b058,0x0011B058,0x0011B190,312
FUN_0011b190,0x0011B190,0x0011B34C,444
FUN_0011b350,0x0011B350,0x0011B394,68
FUN_0011b398,0x0011B398,0x0011B44C,180
FUN_0011b450,0x0011B450,0x0011B4C8,120
FUN_0011b4c8,0x0011B4C8,0x0011C9E0,5400
FUN_0011c9e0,0x0011C9E0,0x0011CB90,432
FUN_0011cb90,0x0011CB90,0x0011CC70,224
FUN_0011cc70,0x0011CC70,0x0011CCD0,96
FUN_0011ccd0,0x0011CCD0,0x0011CDDC,268
FUN_0011cde0,0x0011CDE0,0x0011D4CC,1772
FUN_0011d4d0,0x0011D4D0,0x0011D5BC,236
FUN_0011d5c0,0x0011D5C0,0x0011D658,152
FUN_0011d658,0x0011D658,0x0011D738,224
FUN_0011d738,0x0011D738,0x0011DDA0,1628
FUN_0011dda0,0x0011DDA0,0x0011DE00,96
FUN_0011de00,0x0011DE00,0x0011E3D0,1484
FUN_0011e3d0,0x0011E3D0,0x0011E910,1332
FUN_0011e910,0x0011E910,0x0011EA3C,300
FUN_0011ea40,0x0011EA40,0x0011EADC,152
FUN_0011eae0,0x0011EAE0,0x0011ED20,576
FUN_0011ed20,0x0011ED20,0x0011ED78,88
FUN_0011ed78,0x0011ED78,0x0011EDDC,100
FUN_0011ede0,0x0011EDE0,0x0011F088,680
FUN_0011f088,0x0011F088,0x0011F1F0,356
FUN_0011f1f0,0x0011F1F0,0x0011F304,276
FUN_0011f308,0x0011F308,0x0011F354,76
FUN_0011f358,0x0011F358,0x0011F410,184
FUN_0011f410,0x0011F410,0x0011F4A4,148
FUN_0011f4a8,0x0011F4A8,0x0011F548,160
FUN_0011f548,0x0011F548,0x0011F580,56
FUN_0011f580,0x0011F580,0x0011F5AC,44
FUN_0011f5b0,0x0011F5B0,0x0011F604,84
FUN_0011f608,0x0011F608,0x0011F714,268
FUN_0011f718,0x0011F718,0x0011F7A8,144
FUN_0011f7a8,0x0011F7A8,0x0011F9DC,564
FUN_0011f9e0,0x0011F9E0,0x0011FA38,88
FUN_0011fa38,0x0011FA38,0x0011FA9C,100
FUN_0011faa0,0x0011FAA0,0x0011FC94,500
FUN_0011fc98,0x0011FC98,0x0011FDF8,352
FUN_0011fdf8,0x0011FDF8,0x0011FF0C,276
FUN_0011ff10,0x0011FF10,0x0011FF5C,76
FUN_0011ff60,0x0011FF60,0x00120018,184
FUN_00120018,0x00120018,0x001200A4,140
FUN_001200a8,0x001200A8,0x00120140,152
FUN_00120140,0x00120140,0x00120178,56
FUN_00120178,0x00120178,0x001201A4,44
FUN_001201a8,0x001201A8,0x001201E8,64
FUN_001201f0,0x001201F0,0x001202C4,212
FUN_001202d0,0x001202D0,0x00120324,84
FUN_00120330,0x00120330,0x0012064C,780
FUN_00120650,0x00120650,0x001209A8,836
FUN_001209b0,0x001209B0,0x00120AB4,260
FUN_00120ac0,0x00120AC0,0x00120B04,68
FUN_00120b10,0x00120B10,0x00120BA4,148
FUN_00120bb0,0x00120BB0,0x00120C24,116
FUN_00120c30,0x00120C30,0x00120C38,8
FUN_00120c40,0x00120C40,0x00120CE0,152
FUN_00120ce0,0x00120CE0,0x00120D80,152
FUN_00120d80,0x00120D80,0x00120E60,216
FUN_00120e60,0x00120E60,0x001211C0,848
FUN_001211c0,0x001211C0,0x00121230,112
FUN_00121230,0x00121230,0x00121484,592
FUN_00121490,0x00121490,0x001215A8,280
FUN_001215b0,0x001215B0,0x0012161C,108
FUN_00121620,0x00121620,0x00121668,72
FUN_00121670,0x00121670,0x00121714,164
thunk_FUN_00121230,0x00121720,0x00121728,8
FUN_00121730,0x00121730,0x00121758,40
FUN_00121760,0x00121760,0x0012177C,28
FUN_00121780,0x00121780,0x001218D0,336
FUN_001218d0,0x001218D0,0x00121EB0,1464
FUN_00121eb0,0x00121EB0,0x00121EFC,76
FUN_00121f00,0x00121F00,0x00121F94,148
FUN_00121fa0,0x00121FA0,0x001220D8,312
FUN_001220e0,0x001220E0,0x00122144,100
FUN_00122150,0x00122150,0x00122158,8
FUN_00122160,0x00122160,0x00122198,52
FUN_001221a0,0x001221A0,0x0012226C,204
FUN_00122270,0x00122270,0x00122290,32
FUN_00122290,0x00122290,0x001222AC,28
FUN_001222b0,0x001222B0,0x0012239C,232
FUN_001223a0,0x001223A0,0x001224D0,296
FUN_001224d0,0x001224D0,0x00122590,188
FUN_00122590,0x00122590,0x00122684,244
FUN_00122690,0x00122690,0x00122738,168
FUN_00122740,0x00122740,0x0012274C,12
FUN_00122750,0x00122750,0x00122758,8
FUN_00122760,0x00122760,0x0012280C,164
FUN_00122810,0x00122810,0x00122838,40
FUN_00122840,0x00122840,0x00122858,24
FUN_00122860,0x00122860,0x00122958,240
FUN_00122960,0x00122960,0x001229D0,112
FUN_001229d0,0x001229D0,0x001229F4,36
FUN_00122a00,0x00122A00,0x0012308C,1628
FUN_00123090,0x00123090,0x00123108,120
FUN_00123110,0x00123110,0x00123158,68
FUN_00123160,0x00123160,0x00123184,36
FUN_00123190,0x00123190,0x001231F4,100
FUN_00123200,0x00123200,0x00123284,128
FUN_00123290,0x00123290,0x00123334,156
FUN_00123340,0x00123340,0x00123364,36
FUN_00123370,0x00123370,0x001233AC,60
FUN_001233b0,0x001233B0,0x00123428,120
FUN_00123430,0x00123430,0x001234A4,116
thunk_FUN_00121230,0x001234B0,0x001234B8,8
FUN_001234c0,0x001234C0,0x00123504,68
FUN_00123510,0x00123510,0x00123538,40
FUN_00123540,0x00123540,0x00123604,196
FUN_00123610,0x00123610,0x001236AC,156
FUN_001236b0,0x001236B0,0x001237AC,252
FUN_001237b0,0x001237B0,0x001239BC,504
FUN_001239c0,0x001239C0,0x00123B54,400
FUN_00123b60,0x00123B60,0x00123BD4,116
FUN_00123be0,0x00123BE0,0x00123C4C,108
FUN_00123c50,0x00123C50,0x00123DBC,364
FUN_00123dc0,0x00123DC0,0x00123ED0,268
FUN_00123ed0,0x00123ED0,0x001242A0,976
FUN_001242a0,0x001242A0,0x00124818,1376
FUN_00124820,0x00124820,0x001248B4,148
FUN_001248c0,0x001248C0,0x001249F8,304
FUN_00124a00,0x00124A00,0x00125070,1536
FUN_00125070,0x00125070,0x00125084,20
FUN_00125090,0x00125090,0x00125120,140
FUN_00125120,0x00125120,0x0012514C,44
FUN_00125150,0x00125150,0x00125200,168
FUN_00125200,0x00125200,0x00125300,256
FUN_00125300,0x00125300,0x00125414,276
FUN_00125420,0x00125420,0x00125574,340
FUN_00125580,0x00125580,0x001255E0,92
FUN_001255e0,0x001255E0,0x00125620,64
FUN_00125620,0x00125620,0x00125868,584
FUN_00125870,0x00125870,0x001259C0,332
FUN_001259c0,0x001259C0,0x00125A0C,76
FUN_00125a10,0x00125A10,0x00125B48,312
FUN_00125b50,0x00125B50,0x00125CE4,392
FUN_00125cf0,0x00125CF0,0x00125D2C,60
FUN_00125d30,0x00125D30,0x00125D70,64
FUN_00125d70,0x00125D70,0x00125E2C,188
FUN_00125e30,0x00125E30,0x00125F28,248
FUN_00125f30,0x00125F30,0x001260B0,384
FUN_001260b0,0x001260B0,0x001262B4,516
FUN_001262c0,0x001262C0,0x001263C4,256
FUN_001263d0,0x001263D0,0x0012649C,204
FUN_001264a0,0x001264A0,0x001264AC,12
FUN_001264b0,0x001264B0,0x00126554,164
FUN_00126560,0x00126560,0x001265E4,132
FUN_001265f0,0x001265F0,0x00126654,100
FUN_00126660,0x00126660,0x00126678,24
FUN_00126680,0x00126680,0x0012668C,12
thunk_FUN_00126830,0x00126690,0x00126698,8
FUN_001266a0,0x001266A0,0x001266CC,44
FUN_001266d0,0x001266D0,0x0012672C,92
FUN_00126730,0x00126730,0x001267B4,132
FUN_001267c0,0x001267C0,0x0012682C,108
FUN_00126830,0x00126830,0x001268A0,112
FUN_001268a0,0x001268A0,0x001268D4,52
FUN_001268e0,0x001268E0,0x00126A24,324
FUN_00126a30,0x00126A30,0x00126A38,8
FUN_00126a40,0x00126A40,0x00126A88,72
FUN_00126a90,0x00126A90,0x00126AD0,60
FUN_00126ad0,0x00126AD0,0x001272B4,1988
FUN_001272c0,0x001272C0,0x001272CC,12
FUN_001272d0,0x001272D0,0x001272DC,12
FUN_001272e0,0x001272E0,0x00127408,296
FUN_00127410,0x00127410,0x00127440,48
FUN_00127440,0x00127440,0x00127508,200
FUN_00127510,0x00127510,0x00127540,48
FUN_00127540,0x00127540,0x00127548,8
FUN_00127550,0x00127550,0x0012771C,460
FUN_00127720,0x00127720,0x00127770,80
FUN_00127770,0x00127770,0x001277E8,120
FUN_001277f0,0x001277F0,0x001278D4,228
FUN_001278e0,0x001278E0,0x0012793C,92
FUN_00127940,0x00127940,0x001279A4,100
FUN_001279b0,0x001279B0,0x00127AFC,332
FUN_00127b00,0x00127B00,0x00127B0C,12
FUN_00127b10,0x00127B10,0x00127B48,56
FUN_00127b50,0x00127B50,0x00127B9C,76
FUN_00127ba0,0x00127BA0,0x00127C3C,156
FUN_00127c40,0x00127C40,0x00127C90,80
FUN_00127c90,0x00127C90,0x00127CD4,68
FUN_00127ce0,0x00127CE0,0x00127D24,68
FUN_00127d30,0x00127D30,0x00127DA4,112
FUN_00127db0,0x00127DB0,0x00127E18,104
FUN_00127e20,0x00127E20,0x00127E68,72
FUN_00127e70,0x00127E70,0x00127EC8,88
FUN_00127ed0,0x00127ED0,0x00127F28,88
FUN_00127f30,0x00127F30,0x00127F84,84
FUN_00127f90,0x00127F90,0x00128014,132
thunk_FUN_00127f90,0x00128020,0x00128028,8
FUN_00128030,0x00128030,0x00128038,8
FUN_00128040,0x00128040,0x00128084,68
FUN_00128090,0x00128090,0x00128584,1268
FUN_00128590,0x00128590,0x001285F8,104
FUN_00128600,0x00128600,0x00128650,76
FUN_00128650,0x00128650,0x00128800,416
FUN_00128800,0x00128800,0x00128F30,1800
FUN_00128f30,0x00128F30,0x00128FD0,160
FUN_00128fd0,0x00128FD0,0x00129018,72
FUN_00129020,0x00129020,0x0012906C,76
FUN_00129070,0x00129070,0x001290E4,116
FUN_001290f0,0x001290F0,0x0012937C,636
FUN_00129380,0x00129380,0x00129E00,2656
FUN_00129e00,0x00129E00,0x00129EE0,220
FUN_00129ee0,0x00129EE0,0x00129FD8,244
FUN_00129fe0,0x00129FE0,0x0012A054,112
FUN_0012a060,0x0012A060,0x0012A438,972
FUN_0012a440,0x0012A440,0x0012A948,1284
FUN_0012a950,0x0012A950,0x0012A9DC,140
FUN_0012a9e0,0x0012A9E0,0x0012A9E8,8
FUN_0012a9f0,0x0012A9F0,0x0012AAF0,252
FUN_0012aaf0,0x0012AAF0,0x0012AB88,152
FUN_0012ab90,0x0012AB90,0x0012ABE4,84
FUN_0012abf0,0x0012ABF0,0x0012ABF8,8
FUN_0012ac00,0x0012AC00,0x0012AC4C,76
FUN_0012ac50,0x0012AC50,0x0012AD14,192
FUN_0012ad20,0x0012AD20,0x0012AD50,48
FUN_0012ad50,0x0012AD50,0x0012AD80,48
FUN_0012ad80,0x0012AD80,0x0012ADA4,36
FUN_0012adb0,0x0012ADB0,0x0012ADF4,68
FUN_0012ae00,0x0012AE00,0x0012AE98,152
FUN_0012aea0,0x0012AEA0,0x0012B07C,476
FUN_0012b080,0x0012B080,0x0012B0AC,44
FUN_0012b0b0,0x0012B0B0,0x0012B0F0,64
FUN_0012b0f0,0x0012B0F0,0x0012B138,72
FUN_0012b140,0x0012B140,0x0012B184,68
FUN_0012b190,0x0012B190,0x0012B278,232
FUN_0012b280,0x0012B280,0x0012B2F0,112
FUN_0012b2f0,0x0012B2F0,0x0012B32C,60
FUN_0012b330,0x0012B330,0x0012B36C,60
FUN_0012b370,0x0012B370,0x0012B37C,12
FUN_0012b380,0x0012B380,0x0012B38C,12
FUN_0012b390,0x0012B390,0x0012B39C,12
FUN_0012b3a0,0x0012B3A0,0x0012B6FC,860
FUN_0012b700,0x0012B700,0x0012B800,256
FUN_0012b800,0x0012B800,0x0012B810,16
FUN_0012b810,0x0012B810,0x0012B828,24
FUN_0012b830,0x0012B830,0x0012B86C,60
FUN_0012b870,0x0012B870,0x0012B87C,12
FUN_0012b880,0x0012B880,0x0012B890,16
FUN_0012b890,0x0012B890,0x0012B8B0,32
FUN_0012b8b0,0x0012B8B0,0x0012B8D4,36
FUN_0012b8e0,0x0012B8E0,0x0012B8EC,12
FUN_0012b8f0,0x0012B8F0,0x0012B8FC,12
FUN_0012b900,0x0012B900,0x0012B918,24
FUN_0012b920,0x0012B920,0x0012B96C,76
FUN_0012b970,0x0012B970,0x0012B97C,12
FUN_0012b980,0x0012B980,0x0012BA3C,188
FUN_0012ba40,0x0012BA40,0x0012BB6C,296
FUN_0012bb70,0x0012BB70,0x0012BBC8,88
FUN_0012bbd0,0x0012BBD0,0x0012BECC,740
FUN_0012bf20,0x0012BF20,0x0012C118,504
FUN_0012c120,0x0012C120,0x0012C160,64
FUN_0012c160,0x0012C160,0x0012C198,56
FUN_0012c1a0,0x0012C1A0,0x0012C1AC,12
FUN_0012c1b0,0x0012C1B0,0x0012C1EC,60
FUN_0012c1f0,0x0012C1F0,0x0012C204,20
FUN_0012c210,0x0012C210,0x0012C264,84
FUN_0012c270,0x0012C270,0x0012C284,20
FUN_0012c290,0x0012C290,0x0012C338,168
FUN_0012c340,0x0012C340,0x0012C370,48
FUN_0012c370,0x0012C370,0x0012C3EC,124
FUN_0012c3f0,0x0012C3F0,0x0012C458,104
sceGsSyncPath,0x0012C460,0x0012C46C,12
FUN_0012c470,0x0012C470,0x0012C5EC,376
FUN_0012c5f0,0x0012C5F0,0x0012C5F8,8
FUN_0012c600,0x0012C600,0x0012C63C,60
FUN_0012c640,0x0012C640,0x0012C748,264
FUN_0012c750,0x0012C750,0x0012C770,32
FUN_0012c770,0x0012C770,0x0012C7C4,84
FUN_0012c7d0,0x0012C7D0,0x0012C820,80
FUN_0012c820,0x0012C820,0x0012C828,8
FUN_0012c830,0x0012C830,0x0012C860,48
FUN_0012c860,0x0012C860,0x0012C930,208
FUN_0012c930,0x0012C930,0x0012C970,64
FUN_0012c970,0x0012C970,0x0012CEAC,1332
FUN_0012ceb0,0x0012CEB0,0x0012CFA0,240
FUN_0012cfa0,0x0012CFA0,0x0012D04C,168
FUN_0012d050,0x0012D050,0x0012D0BC,108
FUN_0012d0c0,0x0012D0C0,0x0012D294,448
FUN_0012d2a0,0x0012D2A0,0x0012D540,668
FUN_0012d540,0x0012D540,0x0012D54C,12
FUN_0012d550,0x0012D550,0x0012D558,8
FUN_0012d560,0x0012D560,0x0012D5A8,72
FUN_0012d5b0,0x0012D5B0,0x0012D604,84
FUN_0012d610,0x0012D610,0x0012D748,312
FUN_0012d750,0x0012D750,0x0012DD58,1540
FUN_0012dd60,0x0012DD60,0x0012DD9C,60
FUN_0012dda0,0x0012DDA0,0x0012DEA4,260
FUN_0012deb0,0x0012DEB0,0x0012DF04,84
FUN_0012df10,0x0012DF10,0x0012DF1C,12
FUN_0012df20,0x0012DF20,0x0012DF68,72
FUN_0012df70,0x0012DF70,0x0012E7F8,2184
FUN_0012e800,0x0012E800,0x0012E9C0,448
FUN_0012e9c0,0x0012E9C0,0x0012EB18,336
FUN_0012eb20,0x0012EB20,0x0012EB4C,40
FUN_0012eb50,0x0012EB50,0x0012ECE8,408
FUN_0012ecf0,0x0012ECF0,0x0012F304,1556
FUN_0012f310,0x0012F310,0x0012F4B4,420
FUN_0012f4c0,0x0012F4C0,0x0012F524,100
FUN_0012f530,0x0012F530,0x0012F6C8,408
FUN_0012f6d0,0x0012F6D0,0x0012FACC,1020
FUN_0012fad0,0x0012FAD0,0x0012FB80,176
FUN_0012fb80,0x0012FB80,0x0012FBF0,112
FUN_0012fbf0,0x0012FBF0,0x0012FC8C,156
FUN_0012fc90,0x0012FC90,0x0012FD78,232
FUN_0012fd80,0x0012FD80,0x0012FE74,244
FUN_0012fe80,0x0012FE80,0x0012FF28,168
FUN_0012ff30,0x0012FF30,0x0012FFDC,172
FUN_0012ffe0,0x0012FFE0,0x0013002C,76
FUN_00130030,0x00130030,0x001300C8,152
FUN_001300d0,0x001300D0,0x001300EC,28
FUN_001300f0,0x001300F0,0x001304B0,924
FUN_001304b0,0x001304B0,0x00130504,84
FUN_00130510,0x00130510,0x00130C2C,1780
FUN_00130c30,0x00130C30,0x00130F24,756
FUN_00130f30,0x00130F30,0x00131144,532
FUN_00131150,0x00131150,0x00131A48,2296
FUN_00131a50,0x00131A50,0x00131B94,324
FUN_00131ba0,0x00131BA0,0x00131E30,648
FUN_00131e30,0x00131E30,0x00132964,2804
FUN_00132970,0x00132970,0x00133980,4112
FUN_00133980,0x00133980,0x00133D98,1012
FUN_00133da0,0x00133DA0,0x00134108,856
FUN_00134110,0x00134110,0x00134230,276
FUN_00134230,0x00134230,0x00134270,64
FUN_00134270,0x00134270,0x001342F4,132
FUN_00134300,0x00134300,0x00134340,64
FUN_00134340,0x00134340,0x00134398,88
FUN_001343a0,0x001343A0,0x001343CC,44
FUN_001343d0,0x001343D0,0x0013467C,684
FUN_00134680,0x00134680,0x001346CC,76
FUN_001346d0,0x001346D0,0x0013482C,344
FUN_00134830,0x00134830,0x0013488C,92
FUN_00134890,0x00134890,0x00134A40,428
FUN_00134a40,0x00134A40,0x00134A4C,12
FUN_00134a50,0x00134A50,0x00134B3C,224
FUN_00134b40,0x00134B40,0x00134B70,48
FUN_00134b70,0x00134B70,0x00134BA8,56
FUN_00134bb0,0x00134BB0,0x00134C10,48
FUN_00134c10,0x00134C10,0x00134C34,36
FUN_00134c40,0x00134C40,0x0013577C,2848
FUN_00135780,0x00135780,0x001358EC,364
FUN_001358f0,0x001358F0,0x0013597C,140
FUN_00135980,0x00135980,0x00135A88,264
FUN_00135a90,0x00135A90,0x00135B28,152
FUN_00135b30,0x00135B30,0x00135B70,64
FUN_00135b70,0x00135B70,0x00135D1C,428
FUN_00135d20,0x00135D20,0x00135D88,104
FUN_00135d90,0x00135D90,0x00135DC8,56
FUN_00135dd0,0x00135DD0,0x00135E90,192
FUN_00135e90,0x00135E90,0x00136074,480
FUN_00136080,0x00136080,0x001361DC,344
thunk_FUN_0012fad0,0x001361E0,0x001361E8,8
FUN_001361f0,0x001361F0,0x00136440,588
FUN_00136440,0x00136440,0x0013677C,824
FUN_00136780,0x00136780,0x00136F2C,1944
FUN_00136f30,0x00136F30,0x001373F8,1216
FUN_00137400,0x00137400,0x00137458,88
FUN_00137460,0x00137460,0x00137488,40
FUN_00137490,0x00137490,0x001375F4,344
FUN_00137600,0x00137600,0x00137774,368
FUN_00137780,0x00137780,0x001378CC,328
FUN_001378d0,0x001378D0,0x001392C4,6572
FUN_001392d0,0x001392D0,0x00139438,360
FUN_00139440,0x00139440,0x00139574,304
FUN_00139580,0x00139580,0x00139588,8
FUN_00139590,0x00139590,0x00139740,432
FUN_00139740,0x00139740,0x001398C8,392
FUN_001398d0,0x001398D0,0x00139910,64
FUN_00139910,0x00139910,0x00139A40,304
FUN_00139a40,0x00139A40,0x0013A084,1588
FUN_0013a090,0x0013A090,0x0013A6C4,1568
FUN_0013a6d0,0x0013A6D0,0x0013DBD8,13332
FUN_0013dbe0,0x0013DBE0,0x0013DCFC,284
FUN_0013dd00,0x0013DD00,0x0013E3BC,1704
FUN_0013e3c0,0x0013E3C0,0x0013E41C,92
FUN_0013e420,0x0013E420,0x0013E6DC,700
FUN_0013e6e0,0x0013E6E0,0x0013E72C,76
FUN_0013e730,0x0013E730,0x0013E794,100
FUN_0013e7a0,0x0013E7A0,0x0013EBFC,1104
FUN_0013ec00,0x0013EC00,0x0013ECFC,252
FUN_0013ed00,0x0013ED00,0x0013ED4C,76
FUN_0013ed50,0x0013ED50,0x0013EDD4,132
FUN_0013ede0,0x0013EDE0,0x0013F148,868
FUN_0013f150,0x0013F150,0x0013F200,176
FUN_0013f200,0x0013F200,0x0013F24C,76
FUN_0013f250,0x0013F250,0x0013F280,48
RoadCaptainExtraAssembly_Update,0x0013F280,0x0013F4AC,556
FUN_0013f4b0,0x0013F4B0,0x0013F530,128
FUN_0013f530,0x0013F530,0x0013F57C,76
FUN_0013f580,0x0013F580,0x00140E2C,6280
FUN_00140e30,0x00140E30,0x001410C4,656
FUN_001410d0,0x001410D0,0x00141370,668
FUN_00141370,0x00141370,0x001414F4,384
FUN_00141500,0x00141500,0x00142314,3560
FUN_00142320,0x00142320,0x001424BC,412
FUN_001424c0,0x001424C0,0x0014314C,3180
FUN_00143150,0x00143150,0x001448DC,5964
FUN_001448e0,0x001448E0,0x00144920,64
FUN_00144920,0x00144920,0x00144B30,528
FUN_00144b30,0x00144B30,0x00144D00,464
FUN_00144d00,0x00144D00,0x00144D44,68
FUN_00144d50,0x00144D50,0x00144F98,584
FUN_00144fa0,0x00144FA0,0x00145048,168
FUN_00145050,0x00145050,0x00145E40,3532
FUN_00145e40,0x00145E40,0x001460DC,664
FUN_001460e0,0x001460E0,0x001461AC,204
FUN_001461b0,0x001461B0,0x001461D0,32
FUN_001461d0,0x001461D0,0x001463D0,512
FUN_001463d0,0x001463D0,0x001468DC,100
FUN_001468e0,0x001468E0,0x00146C24,828
FUN_00146c30,0x00146C30,0x00146F4C,788
FUN_00146f50,0x00146F50,0x001470E8,408
FUN_00147150,0x00147150,0x00147424,712
FUN_00147430,0x00147430,0x00147574,324
FUN_00147580,0x00147580,0x00147604,132
FUN_00147610,0x00147610,0x00147930,796
FUN_00147930,0x00147930,0x00148008,1732
FUN_00148010,0x00148010,0x001480A0,140
FUN_001480a0,0x001480A0,0x00148374,712
FUN_00148380,0x00148380,0x001484B4,308
FUN_001484c0,0x001484C0,0x0014850C,76
FUN_00148510,0x00148510,0x00148570,96
FUN_00148570,0x00148570,0x001485F8,136
FUN_00148600,0x00148600,0x001486FC,252
FUN_00148700,0x00148700,0x00148718,24
FUN_00148720,0x00148720,0x0014875C,60
FUN_00148760,0x00148760,0x001489CC,620
FUN_001489d0,0x001489D0,0x00148D78,928
FUN_00148d80,0x00148D80,0x00148ED4,340
FUN_00148ee0,0x00148EE0,0x00148FAC,204
FUN_00148fb0,0x00148FB0,0x00149044,136
FUN_00149050,0x00149050,0x00149224,468
FUN_00149230,0x00149230,0x0014933C,268
FUN_00149340,0x00149340,0x001493D4,136
FUN_001493e0,0x001493E0,0x001495D0,496
FUN_001495d0,0x001495D0,0x00149704,308
FUN_00149710,0x00149710,0x001497A4,136
FUN_001497b0,0x001497B0,0x00149850,160
FUN_00149850,0x00149850,0x00149884,52
FUN_00149890,0x00149890,0x00149898,8
FUN_001498a0,0x001498A0,0x001498A8,8
FUN_001498b0,0x001498B0,0x001498E0,48
FUN_001498e0,0x001498E0,0x00149C5C,880
FUN_00149c60,0x00149C60,0x0014A548,2272
FUN_0014a550,0x0014A550,0x0014A57C,44
FUN_0014a630,0x0014A630,0x0014AE90,2112
FUN_0014ae90,0x0014AE90,0x0014AF54,196
FUN_0014af60,0x0014AF60,0x0014AFA0,60
FUN_0014afa0,0x0014AFA0,0x0014AFDC,56
FUN_0014afe0,0x0014AFE0,0x0014B4E8,1284
FUN_0014b4f0,0x0014B4F0,0x0014BB4C,1628
FUN_0014bb50,0x0014BB50,0x0014BD20,456
FUN_0014bd20,0x0014BD20,0x0014C054,820
FUN_0014c060,0x0014C060,0x0014C504,1140
FUN_0014c510,0x0014C510,0x0014C81C,760
FUN_0014c820,0x0014C820,0x0014C870,80
FUN_0014c870,0x0014C870,0x0014CC40,976
FUN_0014cc40,0x0014CC40,0x0014CFE8,932
FUN_0014cff0,0x0014CFF0,0x0014D09C,168
FUN_0014d0a0,0x0014D0A0,0x0014D12C,140
FUN_0014d130,0x0014D130,0x0014D408,720
FUN_0014d410,0x0014D410,0x0014D5C4,436
FUN_0014d5d0,0x0014D5D0,0x0014D63C,108
FUN_0014d640,0x0014D640,0x0014D6D4,136
FUN_0014d6e0,0x0014D6E0,0x0014D7F8,280
FUN_0014d800,0x0014D800,0x0014D854,80
FUN_0014d860,0x0014D860,0x0014DBD0,868
FUN_0014dbd0,0x0014DBD0,0x0014DD8C,444
FUN_0014dd90,0x0014DD90,0x0014DE10,128
FUN_0014de10,0x0014DE10,0x0014DEA4,136
FUN_0014deb0,0x0014DEB0,0x0014DF64,180
FUN_0014df70,0x0014DF70,0x0014E0BC,328
FUN_0014e0c0,0x0014E0C0,0x0014E238,364
FUN_0014e240,0x0014E240,0x0014F3A0,4396
FUN_0014f3a0,0x0014F3A0,0x0014F6D4,816
FUN_0014f6e0,0x0014F6E0,0x0014FCE8,1528
FUN_0014fcf0,0x0014FCF0,0x0014FDF8,256
FUN_0014fe00,0x0014FE00,0x0014FE94,136
FUN_0014fea0,0x0014FEA0,0x00150820,2432
FUN_00150820,0x00150820,0x00150EA4,1668
FUN_00150eb0,0x00150EB0,0x001513C0,1284
FUN_001513c0,0x001513C0,0x00151E90,2752
FUN_00151e90,0x00151E90,0x00152780,2280
FUN_00152780,0x00152780,0x00152D28,1444
FUN_00152d30,0x00152D30,0x00152D84,84
FUN_00152d90,0x00152D90,0x00153144,896
FUN_00153150,0x00153150,0x00153280,304
FUN_00153280,0x00153280,0x00153288,8
FUN_00153290,0x00153290,0x00153298,8
FUN_001532a0,0x001532A0,0x001532C0,32
FUN_001532c0,0x001532C0,0x00153358,148
FUN_00153360,0x00153360,0x001534A0,320
FUN_001534a0,0x001534A0,0x00153580,224
FUN_00153580,0x00153580,0x0015384C,716
FUN_00153850,0x00153850,0x00153E3C,1500
FUN_00153e40,0x00153E40,0x00153F28,232
FUN_00153f30,0x00153F30,0x00153F8C,92
FUN_00153f90,0x00153F90,0x00154064,212
FUN_00154070,0x00154070,0x00154114,164
FUN_00154120,0x00154120,0x001542DC,444
FUN_001542e0,0x001542E0,0x0015453C,600
FUN_00154540,0x00154540,0x001545E8,168
FUN_001545f0,0x001545F0,0x0015468C,156
FUN_00154690,0x00154690,0x0015474C,188
FUN_00154750,0x00154750,0x001548A0,332
FUN_001548a0,0x001548A0,0x001549AC,268
FUN_001549b0,0x001549B0,0x00154A08,88
thunk_FUN_00121230,0x00154A10,0x00154A18,8
FUN_00154a20,0x00154A20,0x00154A2C,12
FUN_00154a30,0x00154A30,0x00154A80,80
FUN_00154a80,0x00154A80,0x00154B14,148
FUN_00154b20,0x00154B20,0x00154B88,104
FUN_00154b90,0x00154B90,0x00154D04,372
FUN_00154d10,0x00154D10,0x00154E28,276
FUN_00154e30,0x00154E30,0x00155030,508
FUN_00155030,0x00155030,0x001550A4,112
FUN_001550b0,0x001550B0,0x00155168,180
FUN_00155170,0x00155170,0x00155218,164
FUN_00155220,0x00155220,0x001553D8,436
FUN_001553e0,0x001553E0,0x001554FC,284
FUN_00155500,0x00155500,0x0015557C,124
FUN_00155580,0x00155580,0x001555E4,100
FUN_001555f0,0x001555F0,0x00155700,272
FUN_00155700,0x00155700,0x00155754,84
FUN_00155760,0x00155760,0x001557D4,116
FUN_001557e0,0x001557E0,0x00155B04,804
FUN_00155b10,0x00155B10,0x00155B60,80
FUN_00155b60,0x00155B60,0x00155E44,740
FUN_00155e50,0x00155E50,0x00155E88,56
FUN_00155e90,0x00155E90,0x00155F50,188
FUN_00155f50,0x00155F50,0x00155F78,40
FUN_00155f80,0x00155F80,0x00155FAC,44
FUN_00155fb0,0x00155FB0,0x00156134,388
FUN_00156140,0x00156140,0x00156190,80
FUN_00156190,0x00156190,0x001561E0,80
FUN_001561e0,0x001561E0,0x0015620C,44
FUN_00156210,0x00156210,0x00156294,132
FUN_001562a0,0x001562A0,0x00156828,1416
FUN_00156830,0x00156830,0x00156958,296
FUN_00156960,0x00156960,0x00156AAC,328
FUN_00156ab0,0x00156AB0,0x00156AF8,72
FUN_00156b00,0x00156B00,0x00156C14,276
FUN_00156c20,0x00156C20,0x00156C7C,92
FUN_00156c80,0x00156C80,0x00156D30,172
FUN_00156d30,0x00156D30,0x00156F4C,536
FUN_00156f50,0x00156F50,0x00156F90,64
FUN_00156f90,0x00156F90,0x00157078,224
FUN_00157080,0x00157080,0x001573C4,820
FUN_001573d0,0x001573D0,0x00157AFC,1828
FUN_00157b00,0x00157B00,0x00157B98,152
FUN_00157ba0,0x00157BA0,0x00157BA8,8
FUN_00157bb0,0x00157BB0,0x00157DD0,544
FUN_00157dd0,0x00157DD0,0x0015821C,1100
FUN_00158220,0x00158220,0x00158528,776
FUN_00158530,0x00158530,0x0015859C,108
FUN_001586b0,0x001586B0,0x00158818,360
FUN_00158820,0x00158820,0x00158878,88
FUN_00158880,0x00158880,0x00158DF8,1392
FUN_00158e00,0x00158E00,0x0015A310,5372
FUN_0015a310,0x0015A310,0x0015A5D4,708
FUN_0015a5e0,0x0015A5E0,0x0015A5E8,8
FUN_0015a5f0,0x0015A5F0,0x0015A9B0,960
FUN_0015a9b0,0x0015A9B0,0x0015A9F8,72
FUN_0015aa00,0x0015AA00,0x0015AB0C,264
FUN_0015ab10,0x0015AB10,0x0015ADB0,672
FUN_0015adb0,0x0015ADB0,0x0015B9EC,3132
FUN_0015b9f0,0x0015B9F0,0x0015BB50,352
FUN_0015bb50,0x0015BB50,0x0015BB8C,60
FUN_0015bb90,0x0015BB90,0x0015BC68,216
FUN_0015bc70,0x0015BC70,0x0015BEB4,580
FUN_0015bec0,0x0015BEC0,0x0015BF2C,108
FUN_0015bf30,0x0015BF30,0x0015BFF4,192
FUN_0015c000,0x0015C000,0x0015C00C,12
FUN_0015c010,0x0015C010,0x0015C03C,44
FUN_0015c040,0x0015C040,0x0015C0E4,164
FUN_0015c0f0,0x0015C0F0,0x0015C138,72
FUN_0015c140,0x0015C140,0x0015C188,72
FUN_0015c190,0x0015C190,0x0015C1D8,72
FUN_0015c1e0,0x0015C1E0,0x0015C400,540
FUN_0015c400,0x0015C400,0x0015C954,1356
FUN_0015c960,0x0015C960,0x0015C96C,12
FUN_0015c970,0x0015C970,0x0015C99C,44
FUN_0015c9a0,0x0015C9A0,0x0015C9D0,48
FUN_0015c9d0,0x0015C9D0,0x0015CA18,72
FUN_0015ca20,0x0015CA20,0x0015CA68,72
FUN_0015ca70,0x0015CA70,0x0015CCA4,556
FUN_0015ccb0,0x0015CCB0,0x0015D1FC,1356
FUN_0015d200,0x0015D200,0x0015D3E0,468
FUN_0015d3e0,0x0015D3E0,0x0015D510,296
FUN_0015d510,0x0015D510,0x0015D55C,76
FUN_0015d560,0x0015D560,0x0015D670,268
FUN_0015d670,0x0015D670,0x0015D6B0,64
FUN_0015d6b0,0x0015D6B0,0x0015D7B0,256
FUN_0015d7b0,0x0015D7B0,0x0015D964,436
FUN_0015d970,0x0015D970,0x0015DA30,192
FUN_0015da30,0x0015DA30,0x0015DAA0,108
FUN_0015daa0,0x0015DAA0,0x0015DB04,100
FUN_0015db10,0x0015DB10,0x0015DB74,100
FUN_0015db80,0x0015DB80,0x0015DB98,24
FUN_0015dba0,0x0015DBA0,0x0015DCCC,300
FUN_0015dcd0,0x0015DCD0,0x0015DD48,120
FUN_0015dd50,0x0015DD50,0x0015DDD0,128
FUN_0015ddd0,0x0015DDD0,0x0015DE94,196
FUN_0015dea0,0x0015DEA0,0x0015DF00,92
FUN_0015df00,0x0015DF00,0x0015DF24,36
FUN_0015df30,0x0015DF30,0x0015DF84,84
FUN_0015df90,0x0015DF90,0x0015E2D0,832
FUN_0015e2d0,0x0015E2D0,0x0015E618,824
FUN_0015e620,0x0015E620,0x0015E81C,508
FUN_0015e820,0x0015E820,0x0015E8A8,132
FUN_0015e8b0,0x0015E8B0,0x0015E964,176
FUN_0015e970,0x0015E970,0x0015E9E8,120
FUN_0015e9f0,0x0015E9F0,0x0015EA38,72
FUN_0015ea40,0x0015EA40,0x0015EA8C,76
FUN_0015ea90,0x0015EA90,0x0015EAEC,88
FUN_0015eaf0,0x0015EAF0,0x0015EC90,400
FUN_0015ec90,0x0015EC90,0x0015EDA0,268
FUN_0015eda0,0x0015EDA0,0x0015EED8,304
FUN_0015eee0,0x0015EEE0,0x0015F380,1152
FUN_0015f380,0x0015F380,0x0015F574,500
FUN_0015f580,0x0015F580,0x0015F6EC,360
FUN_0015f6f0,0x0015F6F0,0x0015F6FC,12
FUN_0015f700,0x0015F700,0x0015FB28,1048
FUN_0015fb30,0x0015FB30,0x0015FC0C,220
FUN_0015fc10,0x0015FC10,0x0015FC7C,108
FUN_0015fc80,0x0015FC80,0x0015FDF0,364
FUN_0015fdf0,0x0015FDF0,0x0015FFB8,456
FUN_0015ffc0,0x0015FFC0,0x001600DC,284
FUN_001600e0,0x001600E0,0x00160124,68
FUN_00160130,0x00160130,0x0016016C,60
FUN_00160170,0x00160170,0x00160178,8
FUN_00160180,0x00160180,0x0016028C,268
FUN_00160290,0x00160290,0x00160634,928
FUN_00160640,0x00160640,0x00160838,504
FUN_00160840,0x00160840,0x0016085C,28
FUN_00160860,0x00160860,0x001609C0,352
FUN_001609c0,0x001609C0,0x00160D64,892
FUN_00160d70,0x00160D70,0x00160DA0,44
FUN_00160da0,0x00160DA0,0x00160DD4,52
FUN_00160de0,0x00160DE0,0x00160E3C,88
FUN_00160e40,0x00160E40,0x00161888,2632
FUN_00161890,0x00161890,0x00161D80,1260
FUN_00161d80,0x00161D80,0x00161D88,8
FUN_00161d90,0x00161D90,0x00161DA4,20
FUN_00161db0,0x00161DB0,0x00161DB8,8
FUN_00161dc0,0x00161DC0,0x00162290,1232
FUN_00162290,0x00162290,0x001623A0,272
FUN_001623a0,0x001623A0,0x00162450,176
FUN_00162450,0x00162450,0x00162494,68
FUN_001624a0,0x001624A0,0x00162664,452
FUN_00162670,0x00162670,0x00162AB8,1096
FUN_00162ac0,0x00162AC0,0x00162BE0,280
FUN_00162be0,0x00162BE0,0x00162E18,568
FUN_00162e20,0x00162E20,0x001630A0,636
FUN_001630a0,0x001630A0,0x00163120,128
FUN_00163120,0x00163120,0x001633F4,720
FUN_00163400,0x00163400,0x00163A18,1548
FUN_00163a20,0x00163A20,0x00163BD8,436
FUN_00163be0,0x00163BE0,0x00163C50,112
FUN_00163c50,0x00163C50,0x00163C94,68
FUN_00163ca0,0x00163CA0,0x00163CB0,16
FUN_00163cb0,0x00163CB0,0x00163D38,132
FUN_00163d40,0x00163D40,0x00163DB4,116
FUN_00163dc0,0x00163DC0,0x00163DC8,8
FUN_00163dd0,0x00163DD0,0x00163E10,64
FUN_00163e10,0x00163E10,0x00163E60,80
FUN_00163e60,0x00163E60,0x00163EC0,96
FUN_00163ec0,0x00163EC0,0x00163F00,64
FUN_00163f00,0x00163F00,0x00163F78,120
FUN_00163f80,0x00163F80,0x0016416C,492
FUN_00164170,0x00164170,0x001641AC,60
FUN_001641b0,0x001641B0,0x001641B8,8
FUN_001641c0,0x001641C0,0x001641C8,8
FUN_001641d0,0x001641D0,0x00164350,368
FUN_00164350,0x00164350,0x00164358,8
FUN_00164360,0x00164360,0x00164368,8
FUN_00164370,0x00164370,0x001643F8,136
FUN_00164400,0x00164400,0x00164488,136
FUN_00164490,0x00164490,0x0016449C,12
FUN_001644a0,0x001644A0,0x001644E4,68
FUN_001644f0,0x001644F0,0x00164528,56
FUN_00164530,0x00164530,0x00164548,24
FUN_00164550,0x00164550,0x00164568,24
FUN_00164570,0x00164570,0x00164588,24
FUN_00164590,0x00164590,0x001647C0,560
FUN_001647c0,0x001647C0,0x0016490C,332
FUN_00164910,0x00164910,0x00164A34,292
FUN_00164a40,0x00164A40,0x00164A98,88
FUN_00164aa0,0x00164AA0,0x00164BAC,264
FUN_00164bb0,0x00164BB0,0x00164C18,100
FUN_00164c20,0x00164C20,0x00164C94,112
FUN_00164ca0,0x00164CA0,0x00164CCC,44
FUN_00164cd0,0x00164CD0,0x00164D80,172
FUN_00164d80,0x00164D80,0x00165258,1212
FUN_00165260,0x00165260,0x0016577C,1300
FUN_00165780,0x00165780,0x00165B48,964
FUN_00165b50,0x00165B50,0x00165C80,304
FUN_00165c80,0x00165C80,0x0016610C,1156
FUN_00166110,0x00166110,0x00166478,872
FUN_00166480,0x00166480,0x00166CA4,2064
FUN_00166cb0,0x00166CB0,0x00166CF4,68
FUN_00166d00,0x00166D00,0x00167094,892
FUN_001670a0,0x001670A0,0x00167578,1216
FUN_00167580,0x00167580,0x001676BC,316
FUN_001676c0,0x001676C0,0x00167728,104
FUN_00167730,0x00167730,0x0016785C,300
FUN_00167860,0x00167860,0x001678A4,68
FUN_001678b0,0x001678B0,0x00167A14,344
FUN_00167a20,0x00167A20,0x00167C18,504
FUN_00167c20,0x00167C20,0x00168090,1104
FUN_00168090,0x00168090,0x0016816C,220
FUN_00168210,0x00168210,0x00168218,8
FUN_00168220,0x00168220,0x00168228,8
FUN_00168230,0x00168230,0x00168314,384
FUN_00168320,0x00168320,0x00168348,40
FUN_00168350,0x00168350,0x00168580,532
FUN_00168580,0x00168580,0x001695D8,4184
FUN_001695e0,0x001695E0,0x001696F4,276
FUN_00169700,0x00169700,0x00169720,32
FUN_00169720,0x00169720,0x001697B8,148
FUN_001697c0,0x001697C0,0x001697E0,32
FUN_001697e0,0x001697E0,0x00169AEC,780
FUN_00169af0,0x00169AF0,0x00169B94,164
FUN_00169ba0,0x00169BA0,0x00169DF4,592
FUN_00169e00,0x00169E00,0x00169FBC,432
FUN_00169fc0,0x00169FC0,0x0016A030,112
FUN_0016a030,0x0016A030,0x0016A0DC,172
FUN_0016a0e0,0x0016A0E0,0x0016A2A0,448
FUN_0016a2a0,0x0016A2A0,0x0016A374,212
FUN_0016a380,0x0016A380,0x0016A4A4,280
FUN_0016a4b0,0x0016A4B0,0x0016A910,1116
FUN_0016a910,0x0016A910,0x0016AF08,1508
FUN_0016af10,0x0016AF10,0x0016AF78,100
FUN_0016af80,0x0016AF80,0x0016AFD8,84
FUN_0016afe0,0x0016AFE0,0x0016B068,132
thunk_FUN_0016af80,0x0016B070,0x0016B078,8
FUN_0016b080,0x0016B080,0x0016B0EC,104
FUN_0016b0f0,0x0016B0F0,0x0016B10C,28
FUN_0016b110,0x0016B110,0x0016B11C,12
VM_vPrepareViewportMgr,0x0016B120,0x0016B15C,60
entry_0016b140,0x0016B140,0x0016B15C,28
FUN_0016b160,0x0016B160,0x0016B3F0,652
FUN_0016b3f0,0x0016B3F0,0x0016B4B8,200
FUN_0016b4c0,0x0016B4C0,0x0016B790,692
FUN_0016b790,0x0016B790,0x0016B8F4,352
FUN_0016b900,0x0016B900,0x0016B94C,72
FUN_0016b950,0x0016B950,0x0016BA1C,200
FUN_0016ba20,0x0016BA20,0x0016BB5C,308
FUN_0016bb60,0x0016BB60,0x0016BBD4,116
FUN_0016bbe0,0x0016BBE0,0x0016BC64,132
FUN_0016bc70,0x0016BC70,0x0016BCC0,80
FUN_0016bcc0,0x0016BCC0,0x0016BCC8,8
FUN_0016bcd0,0x0016BCD0,0x0016BD5C,140
FUN_0016bd60,0x0016BD60,0x0016BDDC,124
FUN_0016bde0,0x0016BDE0,0x0016BE48,104
FUN_0016be50,0x0016BE50,0x0016BE90,64
FUN_0016be90,0x0016BE90,0x0016C118,644
FUN_0016c120,0x0016C120,0x0016C148,40
FUN_0016c150,0x0016C150,0x0016C1E8,152
FUN_0016c1f0,0x0016C1F0,0x0016C220,44
FUN_0016c220,0x0016C220,0x0016C2B8,152
FUN_0016c2c0,0x0016C2C0,0x0016C398,216
FUN_0016c3a0,0x0016C3A0,0x0016C58C,464
FUN_0016c590,0x0016C590,0x0016C5E4,84
FUN_0016c5f0,0x0016C5F0,0x0016C674,132
FUN_0016c680,0x0016C680,0x0016C6F8,116
FUN_0016c700,0x0016C700,0x0016C76C,100
FUN_0016c770,0x0016C770,0x0016C84C,220
FUN_0016c850,0x0016C850,0x0016C8D4,132
FUN_0016c8e0,0x0016C8E0,0x0016C964,132
FUN_0016c970,0x0016C970,0x0016C9C8,88
FUN_0016c9d0,0x0016C9D0,0x0016C9D8,8
FUN_0016c9e0,0x0016C9E0,0x0016C9E8,8
FUN_0016c9f0,0x0016C9F0,0x0016CA38,72
FUN_0016ca40,0x0016CA40,0x0016CB10,208
FUN_0016cb10,0x0016CB10,0x0016CDB8,668
FUN_0016cdc0,0x0016CDC0,0x0016CE08,68
FUN_0016ce10,0x0016CE10,0x0016CEF4,224
FUN_0016cf00,0x0016CF00,0x0016D0A0,48
FUN_0016d0a0,0x0016D0A0,0x0016D2FC,600
FUN_0016d300,0x0016D300,0x0016D3BC,188
FUN_0016d3c0,0x0016D3C0,0x0016D658,656
FUN_0016d660,0x0016D660,0x0016D668,8
FUN_0016d670,0x0016D670,0x0016D69C,44
FUN_0016d6a0,0x0016D6A0,0x0016D6DC,60
FUN_0016d6e0,0x0016D6E0,0x0016D710,48
FUN_0016d710,0x0016D710,0x0016D7B8,168
FUN_0016d7c0,0x0016D7C0,0x0016D8C4,260
FUN_0016d8d0,0x0016D8D0,0x0016D9CC,252
FUN_0016d9d0,0x0016D9D0,0x0016DADC,268
FUN_0016dae0,0x0016DAE0,0x0016DD94,656
FUN_0016dda0,0x0016DDA0,0x0016DFDC,564
FUN_0016dfe0,0x0016DFE0,0x0016E168,388
FUN_0016e170,0x0016E170,0x0016E1B0,64
FUN_0016e1b0,0x0016E1B0,0x0016F008,3672
FUN_0016f010,0x0016F010,0x0016F184,372
FUN_0016f190,0x0016F190,0x0016F258,200
FUN_0016f260,0x0016F260,0x0016F268,8
FUN_0016f270,0x0016F270,0x0016F2A0,48
FUN_0016f2a0,0x0016F2A0,0x0016F6B8,1024
FUN_0016f6c0,0x0016F6C0,0x0016FC3C,1400
FUN_0016fc40,0x0016FC40,0x0016FC70,48
FUN_0016fc70,0x0016FC70,0x0016FC7C,12
FUN_0016fc80,0x0016FC80,0x0016FD1C,156
thunk_FUN_0016fc70,0x0016FD20,0x0016FD28,8
FUN_0016fd30,0x0016FD30,0x0016FD3C,12
FUN_0016fd40,0x0016FD40,0x0016FD7C,60
FUN_0016fd80,0x0016FD80,0x0017036C,1504
FUN_00170370,0x00170370,0x00170388,24
FUN_00170390,0x00170390,0x001703B8,40
FUN_001703c0,0x001703C0,0x001703FC,60
FUN_00170400,0x00170400,0x00170574,372
FUN_00170580,0x00170580,0x00170598,24
FUN_001705a0,0x001705A0,0x001709BC,1036
FUN_001709c0,0x001709C0,0x00170A6C,172
FUN_00170a70,0x00170A70,0x00171840,3520
FUN_00171840,0x00171840,0x001718D4,144
FUN_001718e0,0x001718E0,0x001718E8,8
FUN_001718f0,0x001718F0,0x00172638,3400
FUN_00172640,0x00172640,0x001727F8,428
FUN_00172800,0x00172800,0x00172A30,552
FUN_00172a30,0x00172A30,0x00172F68,1320
FUN_00172f70,0x00172F70,0x00173090,288
FUN_00173090,0x00173090,0x0017336C,732
FUN_00173370,0x00173370,0x001733A0,48
FUN_001733a0,0x001733A0,0x00173B3C,1948
FUN_00173b40,0x00173B40,0x00173B80,64
FUN_00173b80,0x00173B80,0x00173C04,132
FUN_00173c10,0x00173C10,0x00173C64,84
FUN_00173c70,0x00173C70,0x00173CB8,72
FUN_00173cc0,0x00173CC0,0x00173D0C,76
FUN_00173d10,0x00173D10,0x00173D18,8
thunk_FUN_00173cc0,0x00173D20,0x00173D28,8
FUN_00173d30,0x00173D30,0x00173F58,536
FUN_00173f60,0x00173F60,0x001747A8,2056
FUN_001747b0,0x001747B0,0x00174978,452
FUN_00174980,0x00174980,0x00174C2C,684
FUN_00174c30,0x00174C30,0x00174CFC,200
FUN_00174d00,0x00174D00,0x00174FF8,752
FUN_00175000,0x00175000,0x00175208,512
FUN_00175210,0x00175210,0x0017570C,1276
FUN_00175710,0x00175710,0x00175784,112
FUN_00175790,0x00175790,0x00175930,416
FUN_00175930,0x00175930,0x00175A10,216
FUN_00175a10,0x00175A10,0x00175ABC,172
FUN_00175ac0,0x00175AC0,0x00175F1C,1088
FUN_00175f20,0x00175F20,0x001760B0,400
FUN_001760b0,0x001760B0,0x00177138,4144
FUN_00177140,0x00177140,0x001773FC,696
FUN_00177400,0x00177400,0x00177668,616
FUN_00177670,0x00177670,0x001777A8,312
FUN_001777b0,0x001777B0,0x001777F8,68
FUN_00177800,0x00177800,0x001780A8,2176
FUN_001780b0,0x001780B0,0x00178140,144
FUN_00178140,0x00178140,0x001783B0,624
FUN_001783b0,0x001783B0,0x001786BC,780
FUN_001786c0,0x001786C0,0x00178A58,912
FUN_00178a60,0x00178A60,0x00178C88,540
FUN_00178c90,0x00178C90,0x00179C64,4020
FUN_00179c70,0x00179C70,0x00179E4C,476
FUN_00179e50,0x00179E50,0x0017A4DC,1632
FUN_0017a4e0,0x0017A4E0,0x0017A67C,408
FUN_0017a680,0x0017A680,0x0017AA6C,972
FUN_0017aa70,0x0017AA70,0x0017AC5C,492
FUN_0017ac60,0x0017AC60,0x0017AE44,472
FUN_0017ae50,0x0017AE50,0x0017B350,1260
FUN_0017b350,0x0017B350,0x0017B4DC,388
FUN_0017b4e0,0x0017B4E0,0x0017B4F8,24
FUN_0017b500,0x0017B500,0x0017B9E4,1232
FUN_0017b9f0,0x0017B9F0,0x0017BA68,120
FUN_0017ba70,0x0017BA70,0x0017BA7C,12
FUN_0017ba80,0x0017BA80,0x0017BAF8,120
FUN_0017bb00,0x0017BB00,0x0017BCC0,440
FUN_0017bcc0,0x0017BCC0,0x0017BD3C,124
FUN_0017bd40,0x0017BD40,0x0017BE98,340
FUN_0017bea0,0x0017BEA0,0x0017C090,488
FUN_0017c090,0x0017C090,0x0017C118,136
FUN_0017c120,0x0017C120,0x0017C234,272
FUN_0017c240,0x0017C240,0x0017CA38,2040
FUN_0017ca40,0x0017CA40,0x0017CC5C,540
FUN_0017cc60,0x0017CC60,0x0017D620,2484
FUN_0017d620,0x0017D620,0x0017D808,488
FUN_0017d810,0x0017D810,0x0017D8BC,164
FUN_0017d8c0,0x0017D8C0,0x0017D930,104
FUN_0017d930,0x0017D930,0x0017DA5C,296
FUN_0017da60,0x0017DA60,0x0017DAE0,128
FUN_0017dae0,0x0017DAE0,0x0017DF60,1144
FUN_0017df60,0x0017DF60,0x0017E080,284
FUN_0017e080,0x0017E080,0x0017E160,220
FUN_0017e160,0x0017E160,0x0017E168,8
FUN_0017e170,0x0017E170,0x0017E1F8,136
FUN_0017e200,0x0017E200,0x0017E324,292
FUN_0017e330,0x0017E330,0x0017E504,468
FUN_0017e510,0x0017E510,0x0017E744,564
FUN_0017e750,0x0017E750,0x0017E7D8,136
FUN_0017e7e0,0x0017E7E0,0x0017E96C,392
FUN_0017e970,0x0017E970,0x0017EAB4,324
FUN_0017eac0,0x0017EAC0,0x0017EB38,120
FUN_0017eb40,0x0017EB40,0x0017EBA8,104
FUN_0017ebb0,0x0017EBB0,0x0017EBC8,24
FUN_0017ebd0,0x0017EBD0,0x0017ED1C,332
FUN_0017ed20,0x0017ED20,0x0017F038,776
FUN_0017f040,0x0017F040,0x0017F060,32
FUN_0017f060,0x0017F060,0x0017F078,24
FUN_0017f080,0x0017F080,0x0017F0C4,68
thunk_FUN_0017f080,0x0017F0D0,0x0017F0D8,8
FUN_0017f0e0,0x0017F0E0,0x0017F198,184
FUN_0017f1a0,0x0017F1A0,0x0017F2E0,308
FUN_0017f2e0,0x0017F2E0,0x0017F310,48
FUN_0017f310,0x0017F310,0x0017F3D0,192
FUN_0017f3d0,0x0017F3D0,0x0017F4F4,276
FUN_0017f500,0x0017F500,0x0017F78C,652
FUN_0017f790,0x0017F790,0x0017FDA8,1560
FUN_0017fdb0,0x0017FDB0,0x00180238,1132
FUN_00180240,0x00180240,0x001808D4,1656
FUN_001808e0,0x001808E0,0x00180A58,376
FUN_00180a60,0x00180A60,0x00180BF8,392
FUN_00180c00,0x00180C00,0x00181294,1644
FUN_001812a0,0x001812A0,0x00181388,232
FUN_00181390,0x00181390,0x00181554,448
FUN_00181560,0x00181560,0x001815C8,104
FUN_001815d0,0x001815D0,0x0018177C,424
FUN_00181780,0x00181780,0x001817C4,68
FUN_00181980,0x00181980,0x00181A44,188
FUN_00181a50,0x00181A50,0x00181B8C,316
FUN_00181b90,0x00181B90,0x00182114,1388
FUN_00182120,0x00182120,0x00182370,568
FUN_00182370,0x00182370,0x00182658,740
FUN_00182660,0x00182660,0x00182894,556
FUN_001828a0,0x001828A0,0x00182B10,616
FUN_00182b10,0x00182B10,0x00182FD4,1204
FUN_00182fe0,0x00182FE0,0x00182FEC,12
FUN_00182ff0,0x00182FF0,0x00183184,404
FUN_00183190,0x00183190,0x001831FC,108
FUN_00183200,0x00183200,0x00183438,548
FUN_00183440,0x00183440,0x00183748,776
FUN_00183750,0x00183750,0x00183B4C,1020
FUN_00183b50,0x00183B50,0x00183C08,176
FUN_00183c10,0x00183C10,0x00184A54,3616
FUN_00184a60,0x00184A60,0x00185960,3840
FUN_00185960,0x00185960,0x00186AAC,4340
FUN_00186ab0,0x00186AB0,0x00186FB4,1268
FUN_00186fc0,0x00186FC0,0x001870B8,248
FUN_001870c0,0x001870C0,0x00187240,380
FUN_00187240,0x00187240,0x0018733C,252
FUN_00187340,0x00187340,0x00187558,536
FUN_00187560,0x00187560,0x00187684,288
FUN_00187690,0x00187690,0x001877CC,316
FUN_001877d0,0x001877D0,0x00188EC8,5760
FUN_00188ed0,0x00188ED0,0x00189090,444
FUN_00189090,0x00189090,0x0018918C,252
FUN_00189190,0x00189190,0x001891D8,72
FUN_001891e0,0x001891E0,0x00189530,848
FUN_00189530,0x00189530,0x00189568,56
FUN_00189570,0x00189570,0x0018960C,156
FUN_00189610,0x00189610,0x001898E8,728
FUN_001898f0,0x001898F0,0x00189D44,1080
FUN_00189d50,0x00189D50,0x0018A360,1500
FUN_0018a360,0x0018A360,0x0018A6F4,908
FUN_0018a700,0x0018A700,0x0018ADC8,1676
FUN_0018add0,0x0018ADD0,0x0018B3AC,1468
FUN_0018b3b0,0x0018B3B0,0x0018BB10,1844
FUN_0018bb10,0x0018BB10,0x0018C04C,1340
FUN_0018c050,0x0018C050,0x0018C11C,204
FUN_0018c120,0x0018C120,0x0018C360,576
FUN_0018c360,0x0018C360,0x0018C950,1520
FUN_0018c950,0x0018C950,0x0018C9AC,88
FUN_0018c9b0,0x0018C9B0,0x0018CE0C,1092
FUN_0018ce10,0x0018CE10,0x0018CEB4,160
FUN_0018cec0,0x0018CEC0,0x0018DA2C,2836
FUN_0018da30,0x0018DA30,0x0018E538,2824
FUN_0018e540,0x0018E540,0x0018FA3C,5248
FUN_0018fa40,0x0018FA40,0x001901B8,1896
FUN_001901c0,0x001901C0,0x00190D00,2836
FUN_00190d00,0x00190D00,0x00191A7C,3384
FUN_00191a80,0x00191A80,0x001948B0,11532
FUN_001948b0,0x001948B0,0x001971DC,10304
FUN_001971e0,0x001971E0,0x00197E58,3160
FUN_00197e60,0x00197E60,0x00199360,5340
FUN_00199360,0x00199360,0x0019A3A0,4160
FUN_0019a3a0,0x0019A3A0,0x0019AE04,2640
FUN_0019ae10,0x0019AE10,0x0019B7D0,2496
FUN_0019b7d0,0x0019B7D0,0x0019BA80,672
FUN_0019ba80,0x0019BA80,0x0019BA88,8
FUN_0019ba90,0x0019BA90,0x0019BE68,980
FUN_0019be70,0x0019BE70,0x0019D4C8,5568
FUN_0019d4d0,0x0019D4D0,0x0019D62C,348
FUN_0019d630,0x0019D630,0x0019F480,7476
FUN_0019f480,0x0019F480,0x0019F874,1000
FUN_0019f880,0x0019F880,0x0019FA14,380
FUN_0019fa20,0x0019FA20,0x0019FA80,96
FUN_0019fa80,0x0019FA80,0x0019FAAC,44
FUN_0019fab0,0x0019FAB0,0x0019FBA8,248
FUN_0019fbb0,0x0019FBB0,0x0019FC5C,172
FUN_0019fc60,0x0019FC60,0x0019FCF4,148
FUN_0019fd00,0x0019FD00,0x001A0034,820
FUN_001a0040,0x001A0040,0x001A0084,68
FUN_001a0090,0x001A0090,0x001A0174,228
FUN_001a0180,0x001A0180,0x001A0F14,3456
FUN_001a0f20,0x001A0F20,0x001A1778,2136
FUN_001a1780,0x001A1780,0x001A1BD8,1104
FUN_001a1be0,0x001A1BE0,0x001A1CF0,272
FUN_001a1cf0,0x001A1CF0,0x001A2104,1040
FUN_001a2110,0x001A2110,0x001A2124,20
FUN_001a2130,0x001A2130,0x001A2238,264
FUN_001a2240,0x001A2240,0x001A279C,1340
FUN_001a27a0,0x001A27A0,0x001A2C48,1192
FUN_001a2c50,0x001A2C50,0x001A32E8,1684
FUN_001a32f0,0x001A32F0,0x001A3BF4,2300
FUN_001a3c00,0x001A3C00,0x001A3C90,144
FUN_001a3c90,0x001A3C90,0x001A3EE0,572
FUN_001a3ee0,0x001A3EE0,0x001A4308,1056
FUN_001a4310,0x001A4310,0x001A4800,1264
FUN_001a4800,0x001A4800,0x001A498C,380
FUN_001a4990,0x001A4990,0x001A4A30,160
FUN_001a4a30,0x001A4A30,0x001A4A68,56
FUN_001a4a70,0x001A4A70,0x001A4C48,456
FUN_001a4c50,0x001A4C50,0x001A4CDC,136
FUN_001a4ce0,0x001A4CE0,0x001A4D2C,72
FUN_001a4d30,0x001A4D30,0x001A4DC4,144
FUN_001a4dd0,0x001A4DD0,0x001A4E1C,72
FUN_001a4e20,0x001A4E20,0x001A4E54,52
FUN_001a4e60,0x001A4E60,0x001A4F44,224
FUN_001a4f50,0x001A4F50,0x001A5010,180
FUN_001a5010,0x001A5010,0x001A5124,276
FUN_001a5130,0x001A5130,0x001A51EC,188
FUN_001a51f0,0x001A51F0,0x001A52A4,180
FUN_001a52b0,0x001A52B0,0x001A52D0,32
FUN_001a52d0,0x001A52D0,0x001A5340,112
FUN_001a5340,0x001A5340,0x001A54E0,416
FUN_001a54e0,0x001A54E0,0x001A55E8,260
FUN_001a55f0,0x001A55F0,0x001A585C,612
FUN_001a5860,0x001A5860,0x001A58AC,72
FUN_001a58b0,0x001A58B0,0x001A5958,164
FUN_001a5960,0x001A5960,0x001A5A08,164
FUN_001a5a10,0x001A5A10,0x001A5AF4,224
FUN_001a5b00,0x001A5B00,0x001A5C30,300
FUN_001a5c30,0x001A5C30,0x001A5E1C,488
FUN_001a5e20,0x001A5E20,0x001A6120,748
FUN_001a6120,0x001A6120,0x001A64A8,860
FUN_001a64b0,0x001A64B0,0x001A6960,1184
FUN_001a6960,0x001A6960,0x001A6DFC,1180
FUN_001a6e00,0x001A6E00,0x001A6EA8,168
FUN_001a6eb0,0x001A6EB0,0x001A6F8C,220
FUN_001a6f90,0x001A6F90,0x001A724C,700
FUN_001a7250,0x001A7250,0x001A7270,32
FUN_001a7270,0x001A7270,0x001A728C,28
FUN_001a7290,0x001A7290,0x001A72B0,32
FUN_001a72b0,0x001A72B0,0x001A72D0,32
FUN_001a72d0,0x001A72D0,0x001A72F0,32
FUN_001a72f0,0x001A72F0,0x001A7310,32
FUN_001a7310,0x001A7310,0x001A7330,32
FUN_001a7330,0x001A7330,0x001A7340,16
FUN_001a7340,0x001A7340,0x001A736C,44
FUN_001a7370,0x001A7370,0x001A73D8,104
FUN_001a73e0,0x001A73E0,0x001A7558,376
FUN_001a7560,0x001A7560,0x001A7594,52
FUN_001a75a0,0x001A75A0,0x001A7648,160
FUN_001a7650,0x001A7650,0x001A7768,272
FUN_001a7770,0x001A7770,0x001A78B8,328
thunk_FUN_0010b918,0x001A78C0,0x001A78C8,8
FUN_001a78d0,0x001A78D0,0x001A792C,88
FUN_001a7930,0x001A7930,0x001A7970,64
FUN_001a7970,0x001A7970,0x001A79B0,64
FUN_001a79b0,0x001A79B0,0x001A7A18,104
FUN_001a7a20,0x001A7A20,0x001A7B58,308
FUN_001a7b60,0x001A7B60,0x001A7B6C,12
FUN_001a7b70,0x001A7B70,0x001A7BBC,76
FUN_001a7bc0,0x001A7BC0,0x001A7BF8,56
FUN_001a7c00,0x001A7C00,0x001A7C0C,12
FUN_001a7c10,0x001A7C10,0x001A7C68,88
FUN_001a7c70,0x001A7C70,0x001A7CE8,120
FUN_001a7cf0,0x001A7CF0,0x001A7E28,312
FUN_001a7e30,0x001A7E30,0x001A7EAC,124
FUN_001a7eb0,0x001A7EB0,0x001A7F58,168
FUN_001a7f60,0x001A7F60,0x001A7F84,36
FUN_001a7f90,0x001A7F90,0x001A8104,352
FUN_001a8110,0x001A8110,0x001A8148,56
FUN_001a8150,0x001A8150,0x001A8184,52
FUN_001a8190,0x001A8190,0x001A8248,180
FUN_001a8250,0x001A8250,0x001A82C4,116
FUN_001a82d0,0x001A82D0,0x001A8304,52
FUN_001a8310,0x001A8310,0x001A834C,60
FUN_001a8350,0x001A8350,0x001A838C,60
FUN_001a8390,0x001A8390,0x001A8398,8
FUN_001a83a0,0x001A83A0,0x001A869C,756
FUN_001a86a0,0x001A86A0,0x001A86DC,60
FUN_001a86e0,0x001A86E0,0x001A8B64,1140
FUN_001a8b70,0x001A8B70,0x001A8BC4,84
FUN_001a8bd0,0x001A8BD0,0x001A968C,2732
FUN_001a9690,0x001A9690,0x001A9C74,1508
FUN_001a9c80,0x001A9C80,0x001A9CB8,56
FUN_001a9cc0,0x001A9CC0,0x001A9D44,132
FUN_001a9d50,0x001A9D50,0x001A9DA4,84
FUN_001a9db0,0x001A9DB0,0x001A9DF8,72
FUN_001a9e00,0x001A9E00,0x001A9E4C,76
FUN_001a9e50,0x001A9E50,0x001A9E58,8
thunk_FUN_001a9e00,0x001A9E60,0x001A9E68,8
FUN_001a9e70,0x001A9E70,0x001A9FBC,332
FUN_001a9fc0,0x001A9FC0,0x001AA4E8,1308
FUN_001aa4f0,0x001AA4F0,0x001AA604,264
FUN_001aa610,0x001AA610,0x001AA668,84
FUN_001aa670,0x001AA670,0x001AA730,192
FUN_001aa730,0x001AA730,0x001AA7B0,128
FUN_001aa7b0,0x001AA7B0,0x001AA910,352
FUN_001aa910,0x001AA910,0x001AA984,116
FUN_001aa990,0x001AA990,0x001AB218,2184
FUN_001ab220,0x001AB220,0x001AB288,104
FUN_001ab290,0x001AB290,0x001AB314,132
FUN_001ab320,0x001AB320,0x001AB374,84
FUN_001ab380,0x001AB380,0x001AB3C8,72
FUN_001ab3d0,0x001AB3D0,0x001AB41C,76
FUN_001ab420,0x001AB420,0x001AB428,8
thunk_FUN_001ab3d0,0x001AB430,0x001AB438,8
FUN_001ab440,0x001AB440,0x001AB498,88
FUN_001ab4a0,0x001AB4A0,0x001AB5B4,276
FUN_001ab5c0,0x001AB5C0,0x001AB5E8,40
FUN_001ab5f0,0x001AB5F0,0x001AB714,284
FUN_001ab720,0x001AB720,0x001AB760,64
FUN_001ab760,0x001AB760,0x001AB7A8,72
FUN_001ab7b0,0x001AB7B0,0x001AB7B8,8
FUN_001ab7c0,0x001AB7C0,0x001AB7C8,8
FUN_001ab7d0,0x001AB7D0,0x001AB81C,76
FUN_001ab820,0x001AB820,0x001AB854,52
FUN_001ab860,0x001AB860,0x001AB9FC,412
FUN_001aba00,0x001ABA00,0x001ABAD4,212
FUN_001abae0,0x001ABAE0,0x001ABB80,160
FUN_001abb80,0x001ABB80,0x001ABD80,500
FUN_001abd80,0x001ABD80,0x001ABEFC,376
FUN_001abf00,0x001ABF00,0x001ABF5C,92
FUN_001abf60,0x001ABF60,0x001ABFA0,64
FUN_001abfa0,0x001ABFA0,0x001ABFA8,8
FUN_001abfb0,0x001ABFB0,0x001AC050,156
FUN_001ac050,0x001AC050,0x001AC128,216
FUN_001ac130,0x001AC130,0x001AC184,84
FUN_001ac190,0x001AC190,0x001AC1B8,40
FUN_001ac1c0,0x001AC1C0,0x001AC1E8,40
FUN_001ac1f0,0x001AC1F0,0x001AC2AC,188
FUN_001ac2b0,0x001AC2B0,0x001AC34C,156
FUN_001ac350,0x001AC350,0x001AC390,60
FUN_001ac390,0x001AC390,0x001AC3C0,48
FUN_001ac3c0,0x001AC3C0,0x001AC3E0,32
FUN_001ac3e0,0x001AC3E0,0x001AC3E8,8
FUN_001ac440,0x001AC440,0x001AC478,56
FUN_001ac480,0x001AC480,0x001AC4BC,60
FUN_001ac4c0,0x001AC4C0,0x001AC4F4,116
FUN_001ac500,0x001AC500,0x001AC508,8
FUN_001ac510,0x001AC510,0x001AC544,48
FUN_001ac550,0x001AC550,0x001AC558,8
FUN_001ac560,0x001AC560,0x001AC568,8
FUN_001ac570,0x001AC570,0x001AC5A4,48
FUN_001ac5b0,0x001AC5B0,0x001AC5B8,8
FUN_001ac5c0,0x001AC5C0,0x001AC5F4,48
FUN_001ac600,0x001AC600,0x001AC608,8
FUN_001ac610,0x001AC610,0x001AC618,8
FUN_001ac620,0x001AC620,0x001AC654,48
FUN_001ac660,0x001AC660,0x001AC668,8
FUN_001ac670,0x001AC670,0x001AC6AC,60
FUN_001ac6b0,0x001AC6B0,0x001AC6F4,68
thunk_FUN_001b62a0,0x001AC700,0x001AC70C,12
FUN_001ac710,0x001AC710,0x001AC770,96
FUN_001ac770,0x001AC770,0x001AC7CC,92
FUN_001ac7d0,0x001AC7D0,0x001AC820,76
FUN_001ac820,0x001AC820,0x001AC870,80
FUN_001ac870,0x001AC870,0x001AC898,40
FUN_001ac8a0,0x001AC8A0,0x001AC8C4,36
FUN_001ac8d0,0x001AC8D0,0x001AC90C,60
FUN_001ac910,0x001AC910,0x001AC9B8,168
FUN_001ac9c0,0x001AC9C0,0x001ACA1C,92
FUN_001aca20,0x001ACA20,0x001ACA44,36
FUN_001aca50,0x001ACA50,0x001ACA78,40
FUN_001aca80,0x001ACA80,0x001ACAC4,68
FUN_001acad0,0x001ACAD0,0x001ACB28,88
FUN_001acb30,0x001ACB30,0x001ACB8C,92
FUN_001acb90,0x001ACB90,0x001ACB9C,12
FUN_001acba0,0x001ACBA0,0x001ACBC4,36
FUN_001acbd0,0x001ACBD0,0x001ACBF8,40
FUN_001acc00,0x001ACC00,0x001ACC24,36
FUN_001acc30,0x001ACC30,0x001AD080,1088
FUN_001ad080,0x001AD080,0x001AD500,1152
FUN_001ad500,0x001AD500,0x001AD6D0,452
FUN_001ad6d0,0x001AD6D0,0x001AD83C,364
FUN_001ad840,0x001AD840,0x001AD868,40
FUN_001ad870,0x001AD870,0x001AD8EC,124
FUN_001ad8f0,0x001AD8F0,0x001AD9BC,196
FUN_001ad9c0,0x001AD9C0,0x001AD9D4,20
FUN_001ad9e0,0x001AD9E0,0x001ADAE4,260
FUN_001adaf0,0x001ADAF0,0x001ADB68,120
FUN_001adb70,0x001ADB70,0x001ADBC0,80
FUN_001adbc0,0x001ADBC0,0x001ADBD0,16
FUN_001adbd0,0x001ADBD0,0x001ADC0C,60
FUN_001adc10,0x001ADC10,0x001ADCB8,168
FUN_001adcc0,0x001ADCC0,0x001ADD04,68
FUN_001add10,0x001ADD10,0x001ADD6C,92
FUN_001add70,0x001ADD70,0x001ADE10,160
FUN_001ade10,0x001ADE10,0x001ADE90,128
FUN_001ade90,0x001ADE90,0x001AE568,1748
FUN_001ae570,0x001AE570,0x001AE654,228
FUN_001ae660,0x001AE660,0x001AE81C,436
FUN_001ae820,0x001AE820,0x001AEB34,788
FUN_001aeb40,0x001AEB40,0x001AEB90,80
FUN_001aeb90,0x001AEB90,0x001AEC38,168
FUN_001aec40,0x001AEC40,0x001AEE0C,460
FUN_001aee10,0x001AEE10,0x001AF2C4,1204
FUN_001af2d0,0x001AF2D0,0x001AF574,676
FUN_001af580,0x001AF580,0x001AF90C,908
FUN_001af910,0x001AF910,0x001AFC64,848
FUN_001afc70,0x001AFC70,0x001B098C,3340
FUN_001b0990,0x001B0990,0x001B0B20,400
FUN_001b0b20,0x001B0B20,0x001B0B8C,108
FUN_001b0b90,0x001B0B90,0x001B0ED0,820
FUN_001b0ed0,0x001B0ED0,0x001B1158,628
FUN_001b1160,0x001B1160,0x001B1594,1060
FUN_001b15a0,0x001B15A0,0x001B171C,380
FUN_001b1720,0x001B1720,0x001B1794,116
FUN_001b17a0,0x001B17A0,0x001B2F94,6116
FUN_001b2fa0,0x001B2FA0,0x001B320C,612
FUN_001b3210,0x001B3210,0x001B3CCC,2748
FUN_001b3cd0,0x001B3CD0,0x001B4470,1908
FUN_001b4470,0x001B4470,0x001B44AC,60
FUN_001b44b0,0x001B44B0,0x001B4570,192
FUN_001b4570,0x001B4570,0x001B4634,192
FUN_001b4640,0x001B4640,0x001B466C,44
FUN_001b4670,0x001B4670,0x001B467C,12
FUN_001b4680,0x001B4680,0x001B4E98,2052
FUN_001b4ea0,0x001B4EA0,0x001B52E8,1076
FUN_001b52f0,0x001B52F0,0x001B548C,412
FUN_001b5490,0x001B5490,0x001B5BE4,1872
FUN_001b5bf0,0x001B5BF0,0x001B5CC4,212
FUN_001b5cd0,0x001B5CD0,0x001B5EE4,532
FUN_001b5ef0,0x001B5EF0,0x001B5F38,72
FUN_001b5f40,0x001B5F40,0x001B6100,444
UAudioDMA_InitModule,0x001B6100,0x001B623C,312
FUN_001b6240,0x001B6240,0x001B6288,72
FUN_001b6290,0x001B6290,0x001B6298,8
FUN_001b62a0,0x001B62A0,0x001B62B8,24
FUN_001b62c0,0x001B62C0,0x001B63DC,280
FUN_001b63e0,0x001B63E0,0x001B66DC,756
FUN_001b66e0,0x001B66E0,0x001B6718,56
FUN_001b6720,0x001B6720,0x001B6770,80
FUN_001b6770,0x001B6770,0x001B67C8,88
FUN_001b67d0,0x001B67D0,0x001B67E4,20
FUN_001b67f0,0x001B67F0,0x001B6800,16
FUN_001b6800,0x001B6800,0x001B68B0,176
FUN_001b68b0,0x001B68B0,0x001B68BC,12
FUN_001b68c0,0x001B68C0,0x001B68D0,16
FUN_001b68d0,0x001B68D0,0x001B68D8,8
FUN_001b68e0,0x001B68E0,0x001B6904,36
FUN_001b6910,0x001B6910,0x001B6934,36
FUN_001b6940,0x001B6940,0x001B694C,12
FUN_001b6950,0x001B6950,0x001B6960,16
FUN_001b6960,0x001B6960,0x001B6984,36
FUN_001b6990,0x001B6990,0x001B6BD0,576
FUN_001b6bd0,0x001B6BD0,0x001B6C6C,156
FUN_001b6c70,0x001B6C70,0x001B7604,2432
FUN_001b7610,0x001B7610,0x001B7634,36
FUN_001b7640,0x001B7640,0x001B76E8,168
FUN_001b76f0,0x001B76F0,0x001B7704,20
FUN_001b7710,0x001B7710,0x001B780C,252
FUN_001b7810,0x001B7810,0x001B7A8C,632
FUN_001b7a90,0x001B7A90,0x001B7B64,212
FUN_001b7b70,0x001B7B70,0x001B7BA0,48
FUN_001b7ba0,0x001B7BA0,0x001B7BF0,80
thunk_FUN_00125070,0x001B7BF0,0x001B7BF8,8
thunk_FUN_00125090,0x001B7C00,0x001B7C08,8
FUN_001b7c10,0x001B7C10,0x001B7C44,52
FUN_001b7c50,0x001B7C50,0x001B7CB0,96
FUN_001b7cb0,0x001B7CB0,0x001B7D04,84
FUN_001b7d10,0x001B7D10,0x001B7DE0,208
FUN_001b7de0,0x001B7DE0,0x001B7FD8,496
FUN_001b7fe0,0x001B7FE0,0x001B84D0,1256
FUN_001b84d0,0x001B84D0,0x001B851C,76
FUN_001b8520,0x001B8520,0x001B8528,8
FUN_001b8530,0x001B8530,0x001B8614,228
FUN_001b8620,0x001B8620,0x001B8648,40
FUN_001b8650,0x001B8650,0x001B86D8,136
FUN_001b86e0,0x001B86E0,0x001B872C,76
FUN_001b8730,0x001B8730,0x001B8784,84
FUN_001b8790,0x001B8790,0x001B8840,172
FUN_001b8840,0x001B8840,0x001B88E0,160
FUN_001b88e0,0x001B88E0,0x001B8ADC,500
FUN_001b8ae0,0x001B8AE0,0x001B8B34,84
FUN_001b8b40,0x001B8B40,0x001B8B78,56
FUN_001b8b80,0x001B8B80,0x001B8E98,792
FUN_001b8ea0,0x001B8EA0,0x001B9088,488
FUN_001b9090,0x001B9090,0x001B9420,912
FUN_001b9420,0x001B9420,0x001B94E8,200
FUN_001b94f0,0x001B94F0,0x001B954C,92
FUN_001b9550,0x001B9550,0x001B9834,740
FUN_001b9840,0x001B9840,0x001B9924,228
FUN_001b9930,0x001B9930,0x001B99B4,132
FUN_001b99c0,0x001B99C0,0x001B9A14,84
FUN_001b9a20,0x001B9A20,0x001B9A68,72
FUN_001b9a70,0x001B9A70,0x001B9ABC,76
FUN_001b9ac0,0x001B9AC0,0x001B9AC8,8
thunk_FUN_001b9a70,0x001B9AD0,0x001B9AD8,8
FUN_001b9ae0,0x001B9AE0,0x001B9B24,68
FUN_001b9b30,0x001B9B30,0x001B9BB4,132
FUN_001b9bc0,0x001B9BC0,0x001B9C58,152
FUN_001b9c60,0x001B9C60,0x001BA0C0,1112
FUN_001ba0c0,0x001BA0C0,0x001BA524,1124
FUN_001ba530,0x001BA530,0x001BAA00,1232
FUN_001baa00,0x001BAA00,0x001BAB48,328
FUN_001bab50,0x001BAB50,0x001BB2D8,1928
FUN_001bb2e0,0x001BB2E0,0x001BB5A0,700
FUN_001bb5a0,0x001BB5A0,0x001BB878,728
FUN_001bb880,0x001BB880,0x001BB8F0,112
FUN_001bb8f0,0x001BB8F0,0x001BBC98,932
FUN_001bbca0,0x001BBCA0,0x001BBD58,180
FUN_001bbd60,0x001BBD60,0x001BCF0C,4524
FUN_001bcf10,0x001BCF10,0x001BCF80,112
FUN_001bcf80,0x001BCF80,0x001BD1AC,548
FUN_001bd1b0,0x001BD1B0,0x001BD210,92
FUN_001bd210,0x001BD210,0x001BD264,84
FUN_001bd270,0x001BD270,0x001BD2DC,108
FUN_001bd2e0,0x001BD2E0,0x001BD3BC,220
FUN_001bd3c0,0x001BD3C0,0x001BD470,176
FUN_001bd470,0x001BD470,0x001BD57C,264
FUN_001bd580,0x001BD580,0x001BD620,156
FUN_001bd620,0x001BD620,0x001BD698,120
FUN_001bd6a0,0x001BD6A0,0x001BD7C4,292
FUN_001bd7d0,0x001BD7D0,0x001BDAD0,764
FUN_001bdad0,0x001BDAD0,0x001BDB48,120
FUN_001bdb50,0x001BDB50,0x001BDB7C,44
FUN_001bdb80,0x001BDB80,0x001BDEE8,872
FUN_001bdef0,0x001BDEF0,0x001BE118,548
FUN_001be120,0x001BE120,0x001BE294,368
FUN_001be2a0,0x001BE2A0,0x001BE2AC,12
FUN_001be2b0,0x001BE2B0,0x001BE344,144
FUN_001be350,0x001BE350,0x001BE398,72
FUN_001be3a0,0x001BE3A0,0x001BE430,144
FUN_001be430,0x001BE430,0x001BE43C,12
FUN_001be440,0x001BE440,0x001BE544,260
FUN_001be550,0x001BE550,0x001BE660,272
FUN_001be660,0x001BE660,0x001BE74C,236
FUN_001be750,0x001BE750,0x001BEB3C,1004
FUN_001beb40,0x001BEB40,0x001BEC0C,204
FUN_001bec10,0x001BEC10,0x001BF0FC,1260
FUN_001bf100,0x001BF100,0x001BF178,120
FUN_001bf180,0x001BF180,0x001BF1C4,68
FUN_001bf1d0,0x001BF1D0,0x001BF1D8,8
FUN_001bf1e0,0x001BF1E0,0x001BF5D4,1012
FUN_001bf5e0,0x001BF5E0,0x001BF71C,316
FUN_001bf720,0x001BF720,0x001BFE10,1772
FUN_001bfe10,0x001BFE10,0x001BFE50,64
FUN_001bfe50,0x001BFE50,0x001BFE58,8
FUN_001bfe60,0x001BFE60,0x001C03D8,1400
FUN_001c03e0,0x001C03E0,0x001C0408,40
FUN_001c0410,0x001C0410,0x001C0438,40
SFXSurface_ConstantRadiusFunction,0x001C0440,0x001C0530,240
FUN_001c0530,0x001C0530,0x001C0770,572
FUN_001c0770,0x001C0770,0x001C0784,20
FUN_001c0790,0x001C0790,0x001C0798,8
FUN_001c07a0,0x001C07A0,0x001C07A8,8
FUN_001c07b0,0x001C07B0,0x001C0ED8,1832
FUN_001c0ee0,0x001C0EE0,0x001C0F2C,76
FUN_001c0f30,0x001C0F30,0x001C0F50,32
FUN_001c0f50,0x001C0F50,0x001C0F58,8
FUN_001c0f60,0x001C0F60,0x001C1558,1528
vPrelitTriangleStripWithoutUVs_EndCurrentVUPacket,0x001C1560,0x001C15AC,76
FUN_001c15b0,0x001C15B0,0x001C15C8,24
FUN_001c15d0,0x001C15D0,0x001C15D8,8
FUN_001c15e0,0x001C15E0,0x001C19E4,1028
FUN_001c19f0,0x001C19F0,0x001C19F8,8
FUN_001c1a00,0x001C1A00,0x001C1A08,8
FUN_001c1a10,0x001C1A10,0x001C1A18,8
FUN_001c1a20,0x001C1A20,0x001C1F04,1236
FUN_001c1f10,0x001C1F10,0x001C1F18,8
FUN_001c1f20,0x001C1F20,0x001C1F28,8
FUN_001c1f30,0x001C1F30,0x001C1F38,8
FUN_001c1f40,0x001C1F40,0x001C254C,1548
FUN_001c2550,0x001C2550,0x001C259C,76
FUN_001c25a0,0x001C25A0,0x001C25A8,8
FUN_001c25b0,0x001C25B0,0x001C2A48,1168
thunk_FUN_00121230,0x001C2A50,0x001C2A58,8
FUN_001c2a60,0x001C2A60,0x001C2C64,512
FUN_001c2c70,0x001C2C70,0x001C2C9C,44
FUN_001c2ca0,0x001C2CA0,0x001C2CD8,56
FUN_001c2ce0,0x001C2CE0,0x001C2D64,132
FUN_001c2d70,0x001C2D70,0x001C2DD0,96
FUN_001c2dd0,0x001C2DD0,0x001C2F00,304
FUN_001c2f00,0x001C2F00,0x001C2F4C,76
FUN_001c2f50,0x001C2F50,0x001C2F58,8
thunk_FUN_001c2f00,0x001C2F60,0x001C2F68,8
FUN_001c2f70,0x001C2F70,0x001C3010,160
FUN_001c3010,0x001C3010,0x001C3058,72
FUN_001c3060,0x001C3060,0x001C306C,12
FUN_001c3070,0x001C3070,0x001C3E2C,3252
FUN_001c3e30,0x001C3E30,0x001C3EE4,176
FUN_001c3ef0,0x001C3EF0,0x001C3FA8,176
FUN_001c3fb0,0x001C3FB0,0x001C3FF8,64
FUN_001c4000,0x001C4000,0x001C4094,144
FUN_001c40a0,0x001C40A0,0x001C419C,248
FUN_001c41a0,0x001C41A0,0x001C4214,112
FUN_001c4220,0x001C4220,0x001C42E4,192
FUN_001c42f0,0x001C42F0,0x001C43BC,200
FUN_001c43c0,0x001C43C0,0x001C4434,112
FUN_001c4440,0x001C4440,0x001C4518,212
FUN_001c4520,0x001C4520,0x001C45F8,212
FUN_001c4600,0x001C4600,0x001C46E8,228
FUN_001c46f0,0x001C46F0,0x001C4824,304
FUN_001c4830,0x001C4830,0x001C4BE4,944
FUN_001c4bf0,0x001C4BF0,0x001C4C80,140
FUN_001c4c80,0x001C4C80,0x001C4C90,16
FUN_001c4c90,0x001C4C90,0x001C4C9C,12
FUN_001c4ca0,0x001C4CA0,0x001C4D10,112
FUN_001c4d10,0x001C4D10,0x001C4E88,372
FUN_001c4e90,0x001C4E90,0x001C511C,652
FUN_001c5120,0x001C5120,0x001C515C,60
FUN_001c5160,0x001C5160,0x001C51E8,136
FUN_001c51f0,0x001C51F0,0x001C5BB0,2476
FUN_001c5bb0,0x001C5BB0,0x001C5BE8,52
FUN_001c5bf0,0x001C5BF0,0x001C5E30,576
FUN_001c5e30,0x001C5E30,0x001C6368,1324
FUN_001c6370,0x001C6370,0x001C6744,972
FUN_001c6750,0x001C6750,0x001C6798,72
FUN_001c67a0,0x001C67A0,0x001C67F0,80
FUN_001c67f0,0x001C67F0,0x001C6A8C,664
FUN_001c6a90,0x001C6A90,0x001C71D0,1856
FUN_001c71d0,0x001C71D0,0x001C74C4,752
FUN_001c74d0,0x001C74D0,0x001C76DC,516
FUN_001c76e0,0x001C76E0,0x001C7BD8,1260
FUN_001c7be0,0x001C7BE0,0x001C7C80,160
FUN_001c7c80,0x001C7C80,0x001C809C,1044
FUN_001c80a0,0x001C80A0,0x001C8520,1128
FUN_001c8520,0x001C8520,0x001C86EC,460
FUN_001c86f0,0x001C86F0,0x001C873C,76
FUN_001c8740,0x001C8740,0x001C9248,2824
FUN_001c9250,0x001C9250,0x001C92A4,80
FUN_001c92b0,0x001C92B0,0x001C94A4,500
FUN_001c94b0,0x001C94B0,0x001C9764,692
FUN_001c9770,0x001C9770,0x001C9A4C,728
FUN_001c9a50,0x001C9A50,0x001C9B7C,300
FUN_001c9b80,0x001C9B80,0x001CA008,1160
FUN_001ca010,0x001CA010,0x001CA060,80
FUN_001ca060,0x001CA060,0x001CA06C,12
FUN_001ca070,0x001CA070,0x001CAA24,2452
FUN_001caa30,0x001CAA30,0x001CAB24,244
FUN_001cab30,0x001CAB30,0x001CAB64,52
FUN_001cab70,0x001CAB70,0x001CAC38,192
FUN_001cac40,0x001CAC40,0x001CAD1C,216
FUN_001cad20,0x001CAD20,0x001CAFB0,656
FUN_001cafb0,0x001CAFB0,0x001CB0D0,288
FUN_001cb0d0,0x001CB0D0,0x001CB0F4,36
FUN_001cb100,0x001CB100,0x001CB154,84
FUN_001cb160,0x001CB160,0x001CB1AC,76
FUN_001cb1b0,0x001CB1B0,0x001CB714,1380
FUN_001cb720,0x001CB720,0x001CB748,40
FUN_001cb750,0x001CB750,0x001CB778,40
PN_boTextureLookupCallback,0x001CB780,0x001CB860,224
PN_vBuildPlayerNameTextureCLUT,0x001CB860,0x001CB9B4,340
FUN_001cb9c0,0x001CB9C0,0x001CBA58,152
FUN_001cba60,0x001CBA60,0x001CBAF8,152
FUN_001cbb00,0x001CBB00,0x001CBC90,392
FUN_001cbc90,0x001CBC90,0x001CBF18,624
FUN_001cbf20,0x001CBF20,0x001CC020,240
FUN_001cc020,0x001CC020,0x001CC0AC,140
FUN_001cc0b0,0x001CC0B0,0x001CC0DC,44
FUN_001cc0e0,0x001CC0E0,0x001CC114,52
FUN_001cc120,0x001CC120,0x001CC17C,92
FUN_001cc180,0x001CC180,0x001CC2D8,344
FUN_001cc2e0,0x001CC2E0,0x001CC36C,140
FUN_001cc370,0x001CC370,0x001CC3C4,84
FUN_001cc3d0,0x001CC3D0,0x001CC408,56
FUN_001cc410,0x001CC410,0x001CC5D4,452
FUN_001cc5e0,0x001CC5E0,0x001CC94C,876
FUN_001cc950,0x001CC950,0x001CCE58,1284
FUN_001cce60,0x001CCE60,0x001CCE84,36
FUN_001cce90,0x001CCE90,0x001CCEB4,36
FUN_001ccec0,0x001CCEC0,0x001CD088,452
FUN_001cd090,0x001CD090,0x001CD0C8,56
FUN_001cd0d0,0x001CD0D0,0x001CD0F0,32
FUN_001cd0f0,0x001CD0F0,0x001CD154,100
FUN_001cd160,0x001CD160,0x001CD190,48
FUN_001cd190,0x001CD190,0x001CD254,196
FUN_001cd260,0x001CD260,0x001CD6C8,1116
FUN_001cd6d0,0x001CD6D0,0x001CD740,112
FUN_001cd740,0x001CD740,0x001CD9E8,676
FUN_001cd9f0,0x001CD9F0,0x001CDB6C,376
FUN_001cdb70,0x001CDB70,0x001CDBF4,132
FUN_001cdc00,0x001CDC00,0x001CDC54,84
FUN_001cdc60,0x001CDC60,0x001CDCA8,72
FUN_001cdcb0,0x001CDCB0,0x001CDCFC,76
FUN_001cdd00,0x001CDD00,0x001CDD08,8
thunk_FUN_001cdcb0,0x001CDD10,0x001CDD18,8
FUN_001cdd20,0x001CDD20,0x001CDEC8,420
FUN_001cded0,0x001CDED0,0x001CE570,1696
FUN_001ce570,0x001CE570,0x001CE63C,204
FUN_001ce640,0x001CE640,0x001CE6E0,160
FUN_001ce6e0,0x001CE6E0,0x001CEAFC,1036
FUN_001ceb00,0x001CEB00,0x001CEC10,272
FUN_001cec10,0x001CEC10,0x001CECFC,236
FUN_001ced00,0x001CED00,0x001CED40,64
FUN_001ced40,0x001CED40,0x001CED60,32
FUN_001ced60,0x001CED60,0x001CEE04,164
FUN_001cee10,0x001CEE10,0x001CEE9C,140
FUN_001ceea0,0x001CEEA0,0x001CEEA8,8
FUN_001ceeb0,0x001CEEB0,0x001CEF50,160
FUN_001cef50,0x001CEF50,0x001CF03C,232
FUN_001cf040,0x001CF040,0x001CF068,40
FUN_001cf070,0x001CF070,0x001CF0AC,60
FUN_001cf0b0,0x001CF0B0,0x001CF0B8,8
FUN_001cf0c0,0x001CF0C0,0x001CF0E4,36
FUN_001cf0f0,0x001CF0F0,0x001CF540,1104
FUN_001cf540,0x001CF540,0x001CF60C,204
FUN_001cf610,0x001CF610,0x001CF6D8,200
FUN_001cf6e0,0x001CF6E0,0x001CF798,184
FUN_001cf7a0,0x001CF7A0,0x001CF7C8,40
FUN_001cf7d0,0x001CF7D0,0x001CF904,308
FUN_001cf910,0x001CF910,0x001CF96C,92
FUN_001cf970,0x001CF970,0x001CFAA0,304
FUN_001cfaa0,0x001CFAA0,0x001CFC50,432
FUN_001cfc50,0x001CFC50,0x001CFCF8,168
FUN_001cfd00,0x001CFD00,0x001CFE38,312
FUN_001cfe40,0x001CFE40,0x001CFE9C,92
FUN_001cfea0,0x001CFEA0,0x001CFEA8,8
FUN_001cfeb0,0x001CFEB0,0x001CFF5C,172
FUN_001cff60,0x001CFF60,0x001CFFE8,136
FUN_001cfff0,0x001CFFF0,0x001D001C,44
FUN_001d0020,0x001D0020,0x001D0044,36
FUN_001d0050,0x001D0050,0x001D0088,56
FUN_001d0090,0x001D0090,0x001D00FC,108
FUN_001d0100,0x001D0100,0x001D0178,120
FUN_001d0180,0x001D0180,0x001D0198,24
FUN_001d01a0,0x001D01A0,0x001D01A8,8
FUN_001d01b0,0x001D01B0,0x001D01D4,36
FUN_001d01e0,0x001D01E0,0x001D0204,36
FUN_001d0210,0x001D0210,0x001D0238,40
FUN_001d0240,0x001D0240,0x001D0248,8
FUN_001d0250,0x001D0250,0x001D0514,696
FUN_001d0520,0x001D0520,0x001D05A4,132
FUN_001d05b0,0x001D05B0,0x001D0610,96
FUN_001d0610,0x001D0610,0x001D0618,8
FUN_001d0620,0x001D0620,0x001D0AD8,1172
FUN_001d0ae0,0x001D0AE0,0x001D0B64,132
FUN_001d0b70,0x001D0B70,0x001D0B88,24
FUN_001d0b90,0x001D0B90,0x001D0C24,148
FUN_001d0c30,0x001D0C30,0x001D0C78,72
FUN_001d0c80,0x001D0C80,0x001D0D20,160
FUN_001d0d20,0x001D0D20,0x001D11D8,1208
FUN_001d11e0,0x001D11E0,0x001D1260,128
FUN_001d1260,0x001D1260,0x001D17FC,1432
FUN_001d1800,0x001D1800,0x001D187C,124
FUN_001d1880,0x001D1880,0x001D1944,196
FUN_001d1950,0x001D1950,0x001D1994,68
FUN_001d19a0,0x001D19A0,0x001D19E4,68
FUN_001d19f0,0x001D19F0,0x001D1A34,68
FUN_001d1a40,0x001D1A40,0x001D1A9C,92
FUN_001d1aa0,0x001D1AA0,0x001D1BC0,288
FUN_001d1bc0,0x001D1BC0,0x001D1C60,160
FUN_001d1c60,0x001D1C60,0x001D1CF0,144
FUN_001d1cf0,0x001D1CF0,0x001D1DB0,184
FUN_001d1db0,0x001D1DB0,0x001D1F8C,468
FUN_001d1f90,0x001D1F90,0x001D2378,984
FUN_001d2380,0x001D2380,0x001D2494,276
FUN_001d24a0,0x001D24A0,0x001D2548,168
FUN_001d2550,0x001D2550,0x001D2594,68
FUN_001d25a0,0x001D25A0,0x001D25C8,40
FUN_001d25d0,0x001D25D0,0x001D25F8,40
FUN_001d2600,0x001D2600,0x001D27CC,460
FUN_001d27d0,0x001D27D0,0x001D27D8,8
FUN_001d27e0,0x001D27E0,0x001D27E8,8
FUN_001d27f0,0x001D27F0,0x001D27FC,12
FUN_001d2800,0x001D2800,0x001D2810,16
FUN_001d2810,0x001D2810,0x001D2898,136
FUN_001d28a0,0x001D28A0,0x001D28A8,8
FUN_001d28b0,0x001D28B0,0x001D28E0,48
FUN_001d28e0,0x001D28E0,0x001D2910,48
FUN_001d2910,0x001D2910,0x001D2968,88
FUN_001d2970,0x001D2970,0x001D29F0,128
FUN_001d29f0,0x001D29F0,0x001D2A1C,44
FUN_001d2a20,0x001D2A20,0x001D2A44,36
FUN_001d2a50,0x001D2A50,0x001D2A70,32
FUN_001d2a70,0x001D2A70,0x001D2A90,32
FUN_001d2a90,0x001D2A90,0x001D2BE8,344
FUN_001d2bf0,0x001D2BF0,0x001D2D68,376
FUN_001d2d70,0x001D2D70,0x001D2E64,244
FUN_001d2e70,0x001D2E70,0x001D2F44,212
FUN_001d2f50,0x001D2F50,0x001D3024,212
FUN_001d3030,0x001D3030,0x001D3140,272
FUN_001d3140,0x001D3140,0x001D3250,272
FUN_001d3250,0x001D3250,0x001D33DC,396
FUN_001d33e0,0x001D33E0,0x001D356C,396
FUN_001d3570,0x001D3570,0x001D36EC,376
FUN_001d36f0,0x001D36F0,0x001D37E0,236
FUN_001d37e0,0x001D37E0,0x001D38C0,224
FUN_001d38c0,0x001D38C0,0x001D3A50,400
FUN_001d3a50,0x001D3A50,0x001D3BBC,364
FUN_001d3bc0,0x001D3BC0,0x001D3C30,112
FUN_001d3c30,0x001D3C30,0x001D3C38,8
FUN_001d3c40,0x001D3C40,0x001D3D00,192
FUN_001d3d00,0x001D3D00,0x001D3D08,8
FUN_001d3d10,0x001D3D10,0x001D3D5C,76
FUN_001d3d60,0x001D3D60,0x001D3E64,256
FUN_001d3e70,0x001D3E70,0x001D3EA8,56
FUN_001d3eb0,0x001D3EB0,0x001D3ED4,36
FUN_001d3ee0,0x001D3EE0,0x001D3F04,36
FUN_001d3f10,0x001D3F10,0x001D3F34,36
FUN_001d3f40,0x001D3F40,0x001D4008,196
FUN_001d4010,0x001D4010,0x001D4038,40
FUN_001d4040,0x001D4040,0x001D4064,36
FUN_001d4070,0x001D4070,0x001D40A4,52
FUN_001d40b0,0x001D40B0,0x001D40D4,36
FUN_001d40e0,0x001D40E0,0x001D4154,116
FUN_001d4160,0x001D4160,0x001D41EC,140
FUN_001d41f0,0x001D41F0,0x001D4270,128
FUN_001d4270,0x001D4270,0x001D4294,36
FUN_001d42a0,0x001D42A0,0x001D4338,152
FUN_001d4340,0x001D4340,0x001D43D0,144
FUN_001d43d0,0x001D43D0,0x001D43F4,36
FUN_001d4400,0x001D4400,0x001D4428,40
FUN_001d4430,0x001D4430,0x001D4438,8
FUN_001d4440,0x001D4440,0x001D457C,312
FUN_001d4580,0x001D4580,0x001D4590,16
FUN_001d4590,0x001D4590,0x001D45AC,28
FUN_001d45b0,0x001D45B0,0x001D468C,220
FUN_001d4690,0x001D4690,0x001D4A60,976
FUN_001d4a60,0x001D4A60,0x001D4AE4,132
FUN_001d4af0,0x001D4AF0,0x001D4B94,164
FUN_001d4ba0,0x001D4BA0,0x001D4BC0,32
FUN_001d4bc0,0x001D4BC0,0x001D4D08,328
FUN_001d4d10,0x001D4D10,0x001D4D34,36
FUN_001d4d40,0x001D4D40,0x001D4F0C,456
FUN_001d4f10,0x001D4F10,0x001D4F64,84
FUN_001d4f70,0x001D4F70,0x001D5278,776
FUN_001d5280,0x001D5280,0x001D5748,1216
FUN_001d5750,0x001D5750,0x001D576C,28
FUN_001d5770,0x001D5770,0x001D577C,12
FUN_001d5780,0x001D5780,0x001D583C,188
FUN_001d5840,0x001D5840,0x001D5954,276
FUN_001d5960,0x001D5960,0x001D5A10,176
FUN_001d5a10,0x001D5A10,0x001D5A3C,44
FUN_001d5a40,0x001D5A40,0x001D5A50,16
FUN_001d5a50,0x001D5A50,0x001D5A80,44
FUN_001d5a80,0x001D5A80,0x001D5ABC,60
FUN_001d5ac0,0x001D5AC0,0x001D5AD0,16
FUN_001d5ad0,0x001D5AD0,0x001D5E2C,852
FUN_001d5e30,0x001D5E30,0x001D5F48,268
FUN_001d5f50,0x001D5F50,0x001D6070,288
FUN_001d6070,0x001D6070,0x001D6080,16
FUN_001d6080,0x001D6080,0x001D6168,232
FUN_001d6170,0x001D6170,0x001D619C,44
FUN_001d61a0,0x001D61A0,0x001D61B0,16
FUN_001d61b0,0x001D61B0,0x001D61BC,12
FUN_001d61c0,0x001D61C0,0x001D61F0,48
FUN_001d61f0,0x001D61F0,0x001D621C,44
FUN_001d6220,0x001D6220,0x001D6244,36
FUN_001d6250,0x001D6250,0x001D62A4,84
FUN_001d62b0,0x001D62B0,0x001D62EC,60
FUN_001d62f0,0x001D62F0,0x001D63E0,240
FUN_001d63e0,0x001D63E0,0x001D650C,300
FUN_001d6510,0x001D6510,0x001D65FC,236
FUN_001d6600,0x001D6600,0x001D66E8,232
FUN_001d66f0,0x001D66F0,0x001D6760,108
FUN_001d6760,0x001D6760,0x001D6768,8
FUN_001d6770,0x001D6770,0x001D6778,8
FUN_001d6780,0x001D6780,0x001D678C,12
thunk_FUN_001d4ba0,0x001D6790,0x001D6798,8
FUN_001d67a0,0x001D67A0,0x001D6E84,1764
FUN_001d6e90,0x001D6E90,0x001D6F1C,136
FUN_001d6f20,0x001D6F20,0x001D6F2C,12
FUN_001d6f30,0x001D6F30,0x001D7310,992
FUN_001d7310,0x001D7310,0x001D753C,556
FUN_001d7540,0x001D7540,0x001D7618,216
FUN_001d7620,0x001D7620,0x001D7630,16
FUN_001d7630,0x001D7630,0x001D7644,20
FUN_001d7650,0x001D7650,0x001D7658,8
FUN_001d7660,0x001D7660,0x001D7788,292
thunk_FUN_00121230,0x001D7790,0x001D7798,8
FUN_001d77a0,0x001D77A0,0x001D784C,172
FUN_001d7850,0x001D7850,0x001D79CC,372
FUN_001d79d0,0x001D79D0,0x001D7A10,64
FUN_001d7a10,0x001D7A10,0x001D7A94,132
FUN_001d7aa0,0x001D7AA0,0x001D7AF4,84
FUN_001d7b00,0x001D7B00,0x001D7B48,72
FUN_001d7b50,0x001D7B50,0x001D7B9C,76
FUN_001d7ba0,0x001D7BA0,0x001D7BA8,8
thunk_FUN_001d7b50,0x001D7BB0,0x001D7BB8,8
