"Path","Status","PrototypeBytes","RetailBytes","PrototypeSHA256","RetailSHA256"
"DATA/ABOUTEA/CREDITS.FLM","Changed","31506432","57679872","86E530925898CC1AA066D6D0082A19AB4F71ED780D0C3A6A97385084AFD08287","91228B94596EB9D75FFF01A734EF527DB8EC4985D05F5F58273A50749C944927"
"DATA/ABOUTEA/PAYOFF.FLM","Changed","20275200","20840448","F79F11E8F5938C49612EC3C0D3C311790C84EC5708123E7BDE928958573CA7D5","46A76BA834467DF690CAC458ED38FC4A2DBD285A2DF99C75B4CD03E61B8E6502"
"DATA/FEND/FE.LSC","Changed","111636","91307","93B4CBAC192AC52AB9E96BE5AFED4F6DBCCCE2FBAF2A91E9040519AC0A835903","FC57E31DD6311B31C74E87FFD2755F3F6904B3ABFED45A69E7BED36530B35C9F"
"DATA/FEND/FE2.TRK","Changed","42590208","37330944","2E22AF49031BDF78E2D42E84DBC48F9867FB6F166D5BB2D3C49B49355C23FA6D","D1E86A952DE85C6305C5EC56447F8B7CCB5154C88882F2B63568708BC4F58A2D"
"DATA/FEND/HELP1.LSC","Changed","123068","122286","FE0833BA33C261B55806924F1B7E4E31AA3CE7714CD5121052F01ABB09CF36D9","3B024F87B930CF3E09FC464B833C5AB509F04B21DB84FB5382D0B87EF8319F16"
"DATA/FEND/HELP2.LSC","Changed","124507","123683","B1AC7D9981A5D99BA6CE689013C09826C77BC24C88083C6703AD511BE1F4D950","FA88C5FB8D9C097CC6104EDE551A718516285A2F0ED666228EFBA679143EDA2E"
"DATA/FEND/HELP3.LSC","Changed","124413","123466","71630B90F8EBD4000B88852233766A89927A9079A4C5C66BC7A9AD0947103B43","16559AB00612AB013FF419E429FA5EBB78A175AA912F31A781C9487F67A6FA58"
"DATA/FEND/HELPX1.LSC","Changed","143758","141429","4147D3DE6F7CB699F5AB4EF6E14F2C5C9CB75B74B99E87E491CB36CB6A183778","53FD23719E0488C6E1BE1BC4E7BE160DF5805ABFC1E3E6270DB512567FA334FB"
"DATA/FEND/HELPX2.LSC","Changed","141549","134016","D81BF5580F1B21C3CFC901BD69A89A401E35C68A17405B75757F94B51064FF2B","8774B34E824BDC29AB95BC85567B686EF7AEEC5551EF2176C5F14436D32EC26C"
"DATA/FEND/HELPX3.LSC","Changed","128339","123522","1CBBEF9E54B9B887CCE63E3CCB0E8B9D44363DD4F2167A449853DD887717441D","127D8876FA7FF9449F80A55CA064C1CEAC7C8BCAFEF6E20F2DA6C56BE137C30C"
"DATA/FEND/HELPX4.LSC","Changed","134332","134113","C01B42B2920533629AA5B69B183E5E6EC1F59C691AA0ACF2F27CC6CBBE318D8B","18430BBC0A72C97B4D14F61DA6CCCE0B368F1B3B19830CFF88A2E6B5E9F1CEAA"
"DATA/FEND/HELPX5.LSC","Changed","124153","128330","032CED7D00601F9C11054A9289097ED4AE687CF5A1839C6FDA880188FDC70914","4EA321F972840BD9A0063F4815D27BB5F4CF88BE6856B5D2B9253FAB74624E15"
"DATA/FEND/HELPX6A.LSC","Retail only","0","115677","","73DCE801AB3A119C09D246A635E2C96AB73A932C7D035A8715A5CBEE784BB2DE"
"DATA/FEND/HELPX6B.LSC","Retail only","0","115790","","42A47CFD156164DD9C035F3AC4BE04B234BC6B929006876B7D1CB6BD726B0F74"
"DATA/FEND/HELPX6C.LSC","Retail only","0","115848","","2463E3BBC558FCF1A04A86F313DF30622B6FB2B919684ECCE0BE235633E02F13"
"DATA/FEND/HELPX7.LSC","Retail only","0","117241","","EA01A94888166AB96FB5B9BAEAD3225AB01A40BCC6497FA499F7D2A00FC2BA3F"
"DATA/LOCBB/BB.AV","Changed","31260672","31309824","4C4C6FB6D4F8AC781217825673730154D4E4315A3291196CD697749E7F38ED28","AB6775FF3C3B8153B096E1DB8EF2E200A6F6FA5E2A63CA32E363023B6FA6C65D"
"DATA/LOCBB/BB1.LSC","Identical","103815","103815","62FD96D20B53A95C6D421BDA161C8C0B4F50F6B7FE270BB1646EDDD771DD85B5","62FD96D20B53A95C6D421BDA161C8C0B4F50F6B7FE270BB1646EDDD771DD85B5"
"DATA/LOCBB/BB1.TRK","Changed","7249920","3489792","524F301F184C0602E3F0E63D788CA8430F8417EE2FFD3B043FE1B464CC8928AD","B2434BECECC7BBD644A89CE8FD266371382959D77948D080713EB0090DA18049"
"DATA/LOCBB/BB2.LSC","Identical","101364","101364","CC0BB7640485BDA899799821AB7ABD6CE8F3077228DED6FE0A81D197A4EC4E85","CC0BB7640485BDA899799821AB7ABD6CE8F3077228DED6FE0A81D197A4EC4E85"
"DATA/LOCBB/BB2.TRK","Changed","3366912","3416064","D692D0E81EB1EFDBA5DB014404D7A697DECE1E157ABF700E669C2B86BF770D7E","E6A7F626FE5DB48E2A0F3E6D696012994E48ABF9EF703BB8339094E3E4E7CC8B"
"DATA/LOCBL/BL.AV","Changed","32563200","32464896","033607D8EF58259299DA6F7BB5BA41A22473D33D4644A99F8781B67289F6E0E3","8CBB41084A1063D64F98D7A0F187EA8776A79BBB325A22CBA9E2CBAFFB4FCC6A"
"DATA/LOCBL/BL1.LSC","Identical","100389","100389","CFFABF41B10445AAD539304773507112B6D68A805C4FA8DA6B4E5E02BECAD55E","CFFABF41B10445AAD539304773507112B6D68A805C4FA8DA6B4E5E02BECAD55E"
"DATA/LOCBL/BL1.TRK","Changed","4890624","4915200","11FB40ECA2BEFFCF67EBA4C7A39557BCAC815818895F00FF46FDC325C320E8D9","2831A3B2F024757D8203B3F36264995E6FC4B16C9461E71EDAC3F39A88CB2FC3"
"DATA/LOCBL/BL2.LSC","Identical","107535","107535","A2AD62321E4020ECF3BEF5383B96E96C7619FA888B7FBFD6D43651BD3E5999BE","A2AD62321E4020ECF3BEF5383B96E96C7619FA888B7FBFD6D43651BD3E5999BE"
"DATA/LOCBL/BL2.TRK","Changed","5136384","5160960","243F8660AFBA6510415403CE301669046E2A88B871FE0154C38DFEC32A3F98FA","9EB46E9575526FB75651BECA9617D14270B39825D1763DAE07501841E7EA00ED"
"DATA/LOCDA/DA.AV","Changed","33103872","33054720","C0FCDBB16FD3272B80A13E138FDDF00F0CA2C17DFBA7A24E93AC5604A14B855C","2627B3E9F6BAE79A4A75BE2B15F26E6956627701D8A766A148173A1C66EDE67A"
"DATA/LOCDA/DA.AV2","Changed","32735232","32686080","6D6C44AE802417E96798A999A2EBA269AC0D8C3947D6A8CECFA8F6120981DDAE","C7DF504F97D21F14D6E803A1E65500D81125522AD6680477D2623EEA62762FE7"
"DATA/LOCDA/DA1.LSC","Changed","93418","95490","5C4AFBCA6242EAD2CF64E47FAD33A436B8B6D25460B036FDE22D6B66AC05FAE3","01210BD6A52CEB8EE0D1C4377BA71662480F7165FC0E53161581E6B6182C8704"
"DATA/LOCDA/DA1.TRK","Changed","2875392","2899968","4F03AA9886B9ADFCFA4518A4CAE03AA65B0AE86A7F31FA67C3D42F8233EBC232","2E4A9EE645A83508E42359B32835A6BC5942080DA78548DAEB53BF4A0EBB7262"
"DATA/LOCDA/DA2.LSC","Identical","106320","106320","40FD7B6E5545DA8A3E7A949E842738E1A850D43919AEF0D857847AE462DE27C0","40FD7B6E5545DA8A3E7A949E842738E1A850D43919AEF0D857847AE462DE27C0"
"DATA/LOCDA/DA2.TRK","Changed","2924544","3489792","47FCE55ABCACCF5A3DA47C3D0F499674E3820E70C1A5984B20D39B83C500FB21","A087694AE3659712FFF29A71BBDC543028972DE8AFD81D016AC7385F8247774A"
"DATA/LOCDA/DA3.LSC","Identical","115364","115364","648ED7E820F52803CB516B149C33DA332C144B76135695FADBF28D5BA1ADAA27","648ED7E820F52803CB516B149C33DA332C144B76135695FADBF28D5BA1ADAA27"
"DATA/LOCDA/DA3.TRK","Changed","2138112","2211840","E5DB4F4867AA198761FE44E10ABF874C77567FF33491CF466B8FE8964A8CB706","7AEE355CA14118B99E8D9612A70A13A598F96D26C121243C631276313D791EB0"
"DATA/LOCJT/JT.AV","Changed","31211520","31211520","E61BDB1ACB372FD01F1050C1E9CFAEE09C0354B37D2944487DEF635A1761F4F0","6A4221E2996A89868AF1D642656AE9B2DD966B86142D364C9EEC7BBD7415BF77"
"DATA/LOCJT/JT.AV2","Changed","27475968","27475968","6B487DF1AD03EE20F8AD1D2C74DA4FC05829F1B011C06E8F340334D8C32F33B6","0437420749383C4F039E4B507B72EA635288AF6E770132AFE341C0B11E74FD7B"
"DATA/LOCJT/JT1.LSC","Identical","111775","111775","2F5A3C1562369BF696C9EF520F45D861689073CE0D5E6A46061DDE3C0FCC2287","2F5A3C1562369BF696C9EF520F45D861689073CE0D5E6A46061DDE3C0FCC2287"
"DATA/LOCJT/JT1.TRK","Changed","2285568","2359296","062D1ECE9B7C6AB16DB2F37C557D9EEF4C003EC0E4BB2382FB08AB0471681BED","76469DCA7BD60681D1EC44C2D4CC46213AF9852704E6B978D899E312FE880222"
"DATA/LOCJT/JT2.LSC","Identical","108424","108424","9F390D6AE9AAC2ED06E861493B196AA5E79037E1F8D22B883D0A8D1A0078F3E3","9F390D6AE9AAC2ED06E861493B196AA5E79037E1F8D22B883D0A8D1A0078F3E3"
"DATA/LOCJT/JT2.TRK","Changed","2531328","2531328","BA11D6E774E1995BF7DB1C85A65FD2C429BD2733E9C12C37561272EE82ECE957","CADE78542F917AEFBB88E49EDE9A8FAC7C0C9A0C2E6C77CC17CAD82A3137B77A"
"DATA/LOCMA/MA.AV","Changed","31776768","31776768","7C49A8987565094774B43663B661D9D3DCA37800B06D1B56E149E7C7514ADD96","5E69A398384B715FBC0B0CECC42B42717623FEAF37F4285B336D10E26777D707"
"DATA/LOCMA/MA1.LSC","Identical","107337","107337","140B04570F2106D6622445107413E50F9A1EDC9961AE21F41090FBB9AA03FE64","140B04570F2106D6622445107413E50F9A1EDC9961AE21F41090FBB9AA03FE64"
"DATA/LOCMA/MA1.TRK","Changed","4399104","4423680","A4C82E74DE9A9AC729BD6670025CABA7ED96D09BA2AD8CA364F3EA73589D91C8","81A34BF6EBB694865E16FFE8FB4ECA03881E2212E451D4C6A21223B2E4023C9B"
"DATA/LOCMA/MA2.LSC","Identical","117806","117806","D4BDBCBF4F16A1D9AC6541EF15041AAC627BD8482FA9ADC6C114D21FBBA71472","D4BDBCBF4F16A1D9AC6541EF15041AAC627BD8482FA9ADC6C114D21FBBA71472"
"DATA/LOCMA/MA2.TRK","Changed","5160960","5185536","04E104F4970DE520E9EC6E21C2DFF9EEB6C5CC9B7821E4EFCAAE1BC77D7E392E","A3C06BB695A6DB53C530DED4D4C677E8F5DEBF33BD510D473FADF8B2B6ED9629"
"DATA/LOCMP/MP.AV","Changed","31875072","31653888","389E5A16B858EE13B1B20C574D4178751244ECF9309D94EEA81E0D250A429F2A","EC45315AD904D04F54056D903FBC0533D29C3B2211AA1A2A9F2BBB2CB773D1CF"
"DATA/LOCMP/MP1.LSC","Identical","117820","117820","05D52F72C36CD82391AD6A010BF8B2378AB81DD9C84C88E06AF924B16B4BA02C","05D52F72C36CD82391AD6A010BF8B2378AB81DD9C84C88E06AF924B16B4BA02C"
"DATA/LOCMP/MP1.TRK","Changed","4767744","4694016","57B4EAF3F4735BD2ECE1B42B4CF4DB15356BC237F1C22DC0C10F46BB63F2C625","282C35F1EBAE51DEE36593BA56D863A26AADB7CD941DE35CBDD0A0253AF7AAF6"
"DATA/LOCMP/MP2.LSC","Identical","88597","88597","14753ABCB98168F0E868CF300310BB723D15F365E5CDB9C8866D5AB04EA09FA6","14753ABCB98168F0E868CF300310BB723D15F365E5CDB9C8866D5AB04EA09FA6"
"DATA/LOCMP/MP2.TRK","Changed","3907584","3883008","69621FDE0728531A96BE9586C59C94FC27DDF56CB798B130954BFB3A04DE24EB","18413A449ED2384EE801107D3A42DD6DFAD488C76FA82030681E8D78B7711711"
"DATA/LOCSE/SE.AV","Changed","32243712","31973376","D9241DA648304D89CF4AFAC09CC44200E065B7A2B1C17471DED57D5647E3F8C0","B76A9630A8733CE7CF55AA2F27D02B8B90E8269356A08B98245988C901EC46AA"
"DATA/LOCSE/SE1.LSC","Identical","97006","97006","964B5C735C8F4477A8D7B14A6ED87BD0F9280C2F11A175C399A9404C59EA5CD1","964B5C735C8F4477A8D7B14A6ED87BD0F9280C2F11A175C399A9404C59EA5CD1"
"DATA/LOCSE/SE1.TRK","Changed","5799936","5873664","F5BAE18D84745B13E7561B6E6DC6AC1D88017C36D97438EA455AB9EC2CE73207","4B435FEDD35B5D9D6BB7BFD64286FCEFC3AB06EA00AE3D98D98A36AC5E15B4C7"
"DATA/LOCSE/SE2.LSC","Identical","113219","113219","30254D866AF2E46C68B2784AD43ECBB0BBE9BF8F0F5ED8E1AE6DFA2D1C6AF976","30254D866AF2E46C68B2784AD43ECBB0BBE9BF8F0F5ED8E1AE6DFA2D1C6AF976"
"DATA/LOCSE/SE2.TRK","Changed","5308416","5332992","EC19EC56698DBD23D927117BFFD56B42173301FD58425180FABFB9C8A40EB459","7EDC898EB3CF5A879623EB9A874C50DD0F6A67011D9974F1DCC12EB495798388"
"DATA/OPENING/EAGAMES.FLM","Changed","2703360","2703360","6B1F593F13C27580237FCABD9035C70DC1EA05901764CB5855C45292ECCA0146","68FE5E1EB4C99D110A4D09E2280BF81162DFD9E8AB41308C1A865D2A0538A67C"
"DATA/OPENING/INTRO.FLM","Changed","20840448","27697152","80CAED69245B23B98817F751E831B5485C36A0D33885FC94C4A46BD6E7455216","434D030C12850E410474B997A224F45CAF5BAA2A8010FEEDBE22F6DBA30CC491"
"DATA/OPENING/MC_STATE.LSC","Changed","29972","82466","A5AEBB6907B7B07350B9CB52D3A7669000B02A553BB64138351720480E7D7E04","FF3E9B61B7011F43DF776EDEC297ECA0E37D3BE75C919FB6626B9D2BD020C4FC"
"DATA/OPENING/SPLASH1.LSC","Changed","112655","88150","CEFFD4E375D0FB161BFF8E5847335F5D6802DA2F98658291089661C3387C7F61","02B22B259C608D7D3B093FC6E43ADFA085E5BDC18F97A1C3083B0B2AFDA57A34"
"GLBLDATA.PS2","Changed","34086912","28803072","FE16E1E314E0A3069322ABC8C8AC731C13ED5064D6AE3349472BCBFBB4571ABE","5F29CCE8F515F2F8351F921672A0041CB2FFA1FFD50D3FF3EE761362F3A920ED"
"MODULES/AUDIO.IRX","Changed","81832","91704","CE0981DD87C52F2253FE472E066237CDD574CA05C7DEE3A460DA4C190B8CC413","301F101C72C29EBECF368457B39DE5A3AC65DBBDF2CFF62E7B55470FB7E07F95"
"MODULES/IOPRP213.IMG","Identical","129577","129577","70FEDDFF98332F921A66694E7E96BEE1B3621AE26FCE20C1BC1C8B4AECEB14C6","70FEDDFF98332F921A66694E7E96BEE1B3621AE26FCE20C1BC1C8B4AECEB14C6"
"MODULES/LIBSD.IRX","Identical","25317","25317","71596EF4029F672205E1523DEDBD8DACFE5DFA50132C8A747B81289CD24F1DB6","71596EF4029F672205E1523DEDBD8DACFE5DFA50132C8A747B81289CD24F1DB6"
"MODULES/MCMAN.IRX","Identical","82701","82701","A622DA256AD7A65CF9372D1F5E90D3276895B9662E708832842A51CEED68216C","A622DA256AD7A65CF9372D1F5E90D3276895B9662E708832842A51CEED68216C"
"MODULES/MCSERV.IRX","Identical","6665","6665","BD181DDA244CE38F616181314AB75D19F4897F425EEC8CC635B66CE5EEA3EEF4","BD181DDA244CE38F616181314AB75D19F4897F425EEC8CC635B66CE5EEA3EEF4"
"MODULES/PADMAN.IRX","Identical","43861","43861","FDAA0A2FB57F01BBD7117EEF7544AFB7212710F9C1EB260984580A0AB6930358","FDAA0A2FB57F01BBD7117EEF7544AFB7212710F9C1EB260984580A0AB6930358"
"MODULES/SIO2MAN.IRX","Identical","6161","6161","F41E341EFE08AC407FCE467639D10BB2A4532B70A8A5829DBE350EDEF58516D7","F41E341EFE08AC407FCE467639D10BB2A4532B70A8A5829DBE350EDEF58516D7"
"MODULES/USBD.IRX","Identical","30317","30317","D695AF5F72CB766E597ABE3B67CD88B4B2579445084488BEA1ACA6B48A594A22","D695AF5F72CB766E597ABE3B67CD88B4B2579445084488BEA1ACA6B48A594A22"
"MODULES/USBKEYBD.IRX","Changed","12873","12873","3E772C16F4109828700D7D599997E3CEBE5F1E0AD926773DB00C06613910289A","4BB831602CEE672DE2A6975028B21B05C56A3CBF235564299AF6F5F304551BDE"
"SLUS_201.74","Changed","1013992","979560","44E74A35DD123E3504F81EDED1DB68844E2E082EDAA908EA47A7EA1EC9A924A0","E3C2C19B5FDEEAC9FB1F5A9B893346E7892E564796FA2F74FC40AE17A8ADE594"
"SYSTEM.CNF","Identical","57","57","B77C890EC41707ED98906088F8840283D8D766AD17E73DEA33514BBCB226FF1C","B77C890EC41707ED98906088F8840283D8D766AD17E73DEA33514BBCB226FF1C"
"XMAP.TXT","Prototype only","643966","0","D481D744940F1C0C1BE2216830E1F9BB05A8E026924B6FA04A5FD8AFBCA58302",""
