"PrototypeName","PrototypeAddress","RetailAddress","Bytes","Method"
"sceGsSetDefClear","0x00100868","0x00100828","260","Unique identical function bytes, minimum 32 bytes"
"sceGsSetDefStoreImage","0x00100FF0","0x00100FB0","320","Unique identical function bytes, minimum 32 bytes"
"_ipuSetMPEG1","0x00105888","0x00103CA8","40","Unique identical function bytes, minimum 32 bytes"
"decode_motion_vector","0x001067B0","0x00104BD0","136","Unique identical function bytes, minimum 32 bytes"
"sceMpegAddCallback","0x00109250","0x00107670","36","Unique identical function bytes, minimum 32 bytes"
"_dispatchMpegCallback","0x00109278","0x00107698","80","Unique identical function bytes, minimum 32 bytes"
"_RefImageInit","0x00109C30","0x00108050","32","Unique identical function bytes, minimum 32 bytes"
"sceIpuSync","0x0010A850","0x00108C70","104","Unique identical function bytes, minimum 32 bytes"
"VSync","0x0010B420","0x00109820","64","Unique identical function bytes, minimum 32 bytes"
"_sceSDC","0x0010B7B8","0x00109BB8","164","Unique identical function bytes, minimum 32 bytes"
"_sceIDC","0x0010B8F0","0x00109CF0","164","Unique identical function bytes, minimum 32 bytes"
"QueuePeekWriteDone","0x0010C2C8","0x0010A6C8","60","Unique identical function bytes, minimum 32 bytes"
"QueuePeekReadDone","0x0010C308","0x0010A708","60","Unique identical function bytes, minimum 32 bytes"
"kputchar","0x0010C7C0","0x0010ABC0","56","Unique identical function bytes, minimum 32 bytes"
"ftoi","0x0010C8E0","0x0010ACE0","144","Unique identical function bytes, minimum 32 bytes"
"sceSifWriteBackDCache","0x0010D8B0","0x0010BCB0","172","Unique identical function bytes, minimum 32 bytes"
"_sceRpcGetPacket","0x0010DB48","0x0010BF48","164","Unique identical function bytes, minimum 32 bytes"
"_sceRpcGetFPacket","0x0010DC10","0x0010C010","48","Unique identical function bytes, minimum 32 bytes"
"_search_svdata","0x0010DEF0","0x0010C2F0","76","Unique identical function bytes, minimum 32 bytes"
"sceSifCheckStatRpc","0x0010E3B0","0x0010C7B0","60","Unique identical function bytes, minimum 32 bytes"
"sceSifGetNextRequest","0x0010E618","0x0010CA18","76","Unique identical function bytes, minimum 32 bytes"
"__ieee754_sqrtf","0x00116540","0x00114940","312","Unique identical function bytes, minimum 32 bytes"
"__kernel_cosf","0x00116678","0x00114A78","344","Unique identical function bytes, minimum 32 bytes"
"__kernel_sinf","0x00117120","0x00115520","260","Unique identical function bytes, minimum 32 bytes"
"isinf","0x001174C0","0x001158C0","72","Unique identical function bytes, minimum 32 bytes"
"isnan","0x00117508","0x00115908","56","Unique identical function bytes, minimum 32 bytes"
"copysignf","0x00117810","0x00115C10","48","Unique identical function bytes, minimum 32 bytes"
"floorf","0x00117948","0x00115D48","228","Unique identical function bytes, minimum 32 bytes"
"isnanf","0x00117A30","0x00115E30","36","Unique identical function bytes, minimum 32 bytes"
"_fwalk","0x0011A338","0x001186F0","148","Unique identical function bytes, minimum 32 bytes"
"_mbtowc_r","0x0011B078","0x00119430","60","Unique identical function bytes, minimum 32 bytes"
"memchr","0x0011B0B4","0x0011946C","224","Unique identical function bytes, minimum 32 bytes"
"memcmp","0x0011B194","0x0011954C","148","Unique identical function bytes, minimum 32 bytes"
"memcpy","0x0011B228","0x001195E0","176","Unique identical function bytes, minimum 32 bytes"
"memmove","0x0011B2D8","0x00119690","260","Unique identical function bytes, minimum 32 bytes"
"memset","0x0011B3DC","0x00119794","192","Unique identical function bytes, minimum 32 bytes"
"_Bfree","0x0011B558","0x00119910","44","Unique identical function bytes, minimum 32 bytes"
"_hi0bits","0x0011B7E8","0x00119BA0","132","Unique identical function bytes, minimum 32 bytes"
"_lo0bits","0x0011B870","0x00119C28","192","Unique identical function bytes, minimum 32 bytes"
"__mcmp","0x0011BE10","0x0011A1C8","104","Unique identical function bytes, minimum 32 bytes"
"strcmp","0x0011CA48","0x0011AE00","324","Unique identical function bytes, minimum 32 bytes"
"strcpy","0x0011CB8C","0x0011AF44","276","Unique identical function bytes, minimum 32 bytes"
"strlen","0x0011CCA0","0x0011B058","312","Unique identical function bytes, minimum 32 bytes"
"strncpy","0x0011CEB8","0x0011B190","444","Unique identical function bytes, minimum 32 bytes"
"exponent","0x0011FCD8","0x0011CB90","224","Unique identical function bytes, minimum 32 bytes"
"__muldi3","0x00120F48","0x0011DDA0","96","Unique identical function bytes, minimum 32 bytes"
"__pack_d","0x00121AB8","0x0011E910","300","Unique identical function bytes, minimum 32 bytes"
"__unpack_d","0x00121BE8","0x0011EA40","156","Unique identical function bytes, minimum 32 bytes"
"__fpcmp_parts_d","0x00122398","0x0011F1F0","276","Unique identical function bytes, minimum 32 bytes"
"__pack_f","0x001227B0","0x0011F608","268","Unique identical function bytes, minimum 32 bytes"
"__unpack_f","0x001228C0","0x0011F718","144","Unique identical function bytes, minimum 32 bytes"
"__fpcmp_parts_f","0x00122FA0","0x0011FDF8","276","Unique identical function bytes, minimum 32 bytes"
"Mem_cpy","0x001234F0","0x00120330","796","Unique identical function bytes, minimum 32 bytes"
"Mem_set","0x00123B70","0x001209B0","260","Unique identical function bytes, minimum 32 bytes"
"AllocPoolMem","0x00124BD0","0x00121730","40","Unique identical function bytes, minimum 32 bytes"
"mat44flt_Transpose33Into","0x00125350","0x00121EB0","76","Unique identical function bytes, minimum 32 bytes"
"mat44flt_BuildClipMatrix","0x001253A0","0x00121F00","148","Unique identical function bytes, minimum 32 bytes"
"mat44flt_BuildScreenMatrix","0x00125440","0x00121FA0","312","Unique identical function bytes, minimum 32 bytes"
"Input_ResetPad","0x00126180","0x001229D0","36","Unique identical function bytes, minimum 32 bytes"
"Stream_DecompressChunk","0x00127690","0x00123ED0","976","Unique identical function bytes, minimum 32 bytes"
"sendMessageToSuperActor","0x0012AEB0","0x001277F0","228","Unique identical function bytes, minimum 32 bytes"
"Resources_GetDataInBuffer","0x0012B3A0","0x00127D30","116","Unique identical function bytes, minimum 32 bytes"
"Resources_GetChunkInBuffer","0x0012B420","0x00127DB0","104","Unique identical function bytes, minimum 32 bytes"
"Misc_PMRand","0x0012B5A0","0x00127F30","84","Unique identical function bytes, minimum 32 bytes"
"TX_uiFindTextureIndexFromID","0x0012BC70","0x00128600","80","Unique identical function bytes, minimum 32 bytes"
"FO_uiComputeEnvColor","0x0012DAB0","0x0012A440","1288","Unique identical function bytes, minimum 32 bytes"
"VA_iMemoryMgrGetBiggestBlockSize","0x0012E240","0x0012AB90","84","Unique identical function bytes, minimum 32 bytes"
"VA_vListInsertAfer","0x0012E3D0","0x0012AD20","48","Unique identical function bytes, minimum 32 bytes"
"VA_vListInsertBefore","0x0012E400","0x0012AD50","48","Unique identical function bytes, minimum 32 bytes"
"VA_vListDetach","0x0012E430","0x0012AD80","36","Unique identical function bytes, minimum 32 bytes"
"VA_spListRemove","0x0012E460","0x0012ADB0","68","Unique identical function bytes, minimum 32 bytes"
"FO_vUpdateEnvelopeWidthSectionsData","0x0012E760","0x0012B0B0","64","Unique identical function bytes, minimum 32 bytes"
"DL_vManageDisplayListFirstAndLastEntry","0x0012F170","0x0012BA40","300","Unique identical function bytes, minimum 32 bytes"
"DL_vUpdateDisplayListPosition","0x0012F300","0x0012BBD0","764","Unique identical function bytes, minimum 32 bytes"
"DL_vSetCurrentDisplayList","0x0012F8E0","0x0012C1B0","60","Unique identical function bytes, minimum 32 bytes"
"DL_vAddDataToDisplayList","0x0012F9B0","0x0012C290","168","Unique identical function bytes, minimum 32 bytes"
"DL_vClearDisplayList","0x0012FB90","0x0012C470","380","Unique identical function bytes, minimum 32 bytes"
"DL_vClearAndSetCurrentCopyBuffer","0x0012FD20","0x0012C600","60","Unique identical function bytes, minimum 32 bytes"
"OL_vInitCLUTCache","0x0012FEF0","0x0012C7D0","80","Unique identical function bytes, minimum 32 bytes"
"DS_vInitBatchSystem","0x00130CE0","0x0012D560","72","Unique identical function bytes, minimum 32 bytes"
"DS_spGetUnusedBatchFromPool","0x00130D30","0x0012D5B0","84","Unique identical function bytes, minimum 32 bytes"
"DS_vInitRegisterStates","0x00130D90","0x0012D610","312","Unique identical function bytes, minimum 32 bytes"
"DS_vSetCameraClippingPlanes","0x00131520","0x0012DDA0","260","Unique identical function bytes, minimum 32 bytes"
"DS_vForceAllStatesRefresh","0x00131630","0x0012DEB0","84","Unique identical function bytes, minimum 32 bytes"
"DS_vClearCurrentBuffer","0x001316A0","0x0012DF20","72","Unique identical function bytes, minimum 32 bytes"
"DS_vAddChangingStates","0x001316F0","0x0012DF70","2184","Unique identical function bytes, minimum 32 bytes"
"DS_vExecuteVRAMBlit","0x00131F80","0x0012E800","448","Unique identical function bytes, minimum 32 bytes"
"ParticleSystem_GetTexture","0x001322A0","0x0012EB20","44","Unique identical function bytes, minimum 32 bytes"
"ParticleInfo_Initialize","0x00132A90","0x0012F310","420","Unique identical function bytes, minimum 32 bytes"
"ParticleSystemInit_SetupFountainBehavior","0x001332F0","0x0012FBF0","156","Unique identical function bytes, minimum 32 bytes"
"ParticleSystemInit_SetupTwisterDebriBehavior","0x00133580","0x0012FE80","168","Unique identical function bytes, minimum 32 bytes"
"ParticleSystemInit_SetupTwisterDustBehavior","0x00133630","0x0012FF30","172","Unique identical function bytes, minimum 32 bytes"
"ParticleSystemInit_SetupShockwaveDustBehavior","0x001336E0","0x0012FFE0","76","Unique identical function bytes, minimum 32 bytes"
"ParticleSystemInit_SetupTwisterParticlesBehavior","0x00133730","0x00130030","152","Unique identical function bytes, minimum 32 bytes"
"ModelResourceList_GetNewModel","0x001383A0","0x00134B70","56","Unique identical function bytes, minimum 32 bytes"
"VehicleEngineInit","0x00139C30","0x00136440","828","Unique identical function bytes, minimum 32 bytes"
"Engine_UpdateStandard","0x00139F70","0x00136780","1964","Unique identical function bytes, minimum 32 bytes"
"Engine_UpdateRocket","0x0013A720","0x00136F30","1224","Unique identical function bytes, minimum 32 bytes"
"VehicleControl_Init","0x0013ABF0","0x00137400","88","Unique identical function bytes, minimum 32 bytes"
"Vehicle_AddTrickEvent","0x0013AC50","0x00137460","40","Unique identical function bytes, minimum 32 bytes"
"VehicleSuspension_InitSprings","0x0013CA00","0x001392D0","360","Unique identical function bytes, minimum 32 bytes"
"Vehicle_PauseSfx","0x0013CE70","0x00139740","392","Unique identical function bytes, minimum 32 bytes"
"Vehicle_PreProcess","0x0013D020","0x00139910","304","Unique identical function bytes, minimum 32 bytes"
"VehicleSuspension_GetFrictionForces","0x0013D7A0","0x0013A090","1588","Unique identical function bytes, minimum 32 bytes"
"VehicleAssembly_SetTireMounts","0x00141A10","0x0013E3C0","92","Unique identical function bytes, minimum 32 bytes"
"Vehicle_DestroyExhaustPort","0x00147A20","0x001448E0","64","Unique identical function bytes, minimum 32 bytes"
"Physics_Init","0x0014B0F0","0x00148380","308","Unique identical function bytes, minimum 32 bytes"
"Physics_AddTorquingForce","0x0014B230","0x001484C0","76","Unique identical function bytes, minimum 32 bytes"
"Physics_AddScaledTorquingForce","0x0014B280","0x00148510","96","Unique identical function bytes, minimum 32 bytes"
"Physics_AddTorquingForceOneAxis","0x0014B2E0","0x00148570","136","Unique identical function bytes, minimum 32 bytes"
"Physics_AddDampenedStabalizingTorque","0x0014B370","0x00148600","252","Unique identical function bytes, minimum 32 bytes"
"Physics_AddDampeningForce","0x0014B490","0x00148720","60","Unique identical function bytes, minimum 32 bytes"
"CylinderCollider_CollideDiskWithPlane","0x0014FDC0","0x0014D6E0","280","Unique identical function bytes, minimum 32 bytes"
"DoSimpleGroundCollisionTest","0x0014FEE0","0x0014D800","84","Unique identical function bytes, minimum 32 bytes"
"VectorClusterCollider_PreProcess","0x00150570","0x0014DEB0","180","Unique identical function bytes, minimum 32 bytes"
"VectorClusterCollider_TestForGroundCollisions","0x00150790","0x0014E0C0","376","Unique identical function bytes, minimum 32 bytes"
"Collider_GetIntersectionWithBox2","0x00152F60","0x00150EB0","1296","Unique identical function bytes, minimum 32 bytes"
"Collider_GetCollisionPointsAndDisplacement_SphereToSphere","0x00154830","0x00152780","1448","Unique identical function bytes, minimum 32 bytes"
"PhysicsInterface_GetHotSpot","0x001552A0","0x001532A0","32","Unique identical function bytes, minimum 32 bytes"
"ObjectPool_ActivateObject","0x00157E40","0x00155F50","40","Unique identical function bytes, minimum 32 bytes"
"ObjectPool_DeactivateObject","0x00157E70","0x00155F80","44","Unique identical function bytes, minimum 32 bytes"
"CameraAI_InitObject","0x00158C60","0x00156F50","64","Unique identical function bytes, minimum 32 bytes"
"CameraAI_UpdateCeiling","0x00158CA0","0x00156F90","232","Unique identical function bytes, minimum 32 bytes"
"CameraAI_CalculateSoftCollisionVector","0x00158D90","0x00157080","836","Unique identical function bytes, minimum 32 bytes"
"CameraAI_InsideZone","0x0015FBC0","0x0015DCD0","120","Unique identical function bytes, minimum 32 bytes"
"SkidMark_UpdateEdge","0x00160990","0x0015EA90","92","Unique identical function bytes, minimum 32 bytes"
"SkidMark_CheckAndFreeCurrEdge","0x001609F0","0x0015EAF0","416","Unique identical function bytes, minimum 32 bytes"
"SkidMark_NextStrip","0x00160CA0","0x0015EDA0","312","Unique identical function bytes, minimum 32 bytes"
"TrkInfo_FreezeLightingEnvironment","0x00162540","0x00160640","504","Unique identical function bytes, minimum 32 bytes"
"TrkInfo_IsPointOverTrackPoly","0x001642F0","0x001623A0","176","Unique identical function bytes, minimum 32 bytes"
"TrkInfo_GetElevNormal","0x001643A0","0x00162450","68","Unique identical function bytes, minimum 32 bytes"
"TrkInfo_IsFenceCrossed","0x00164B60","0x00162BE0","568","Unique identical function bytes, minimum 32 bytes"
"Object3D_ParseO3D","0x0016BFD0","0x00169720","152","Unique identical function bytes, minimum 32 bytes"
"Object3D_GetBreakableParts","0x0016CC20","0x0016A380","292","Unique identical function bytes, minimum 32 bytes"
"Object3D_vSetLightingEnvironmentDisplayStates","0x0016CD50","0x0016A4B0","1120","Unique identical function bytes, minimum 32 bytes"
"Kernel_DeleteMail","0x0016E710","0x0016BE50","64","Unique identical function bytes, minimum 32 bytes"
"UActBase_DeleteMail","0x0016F320","0x0016C9F0","72","Unique identical function bytes, minimum 32 bytes"
"HashCol_IsBoxCollideWithBBox","0x00170690","0x0016DDA0","572","Unique identical function bytes, minimum 32 bytes"
"HashCol_IsSphereCollideWithBBox","0x001708D0","0x0016DFE0","392","Unique identical function bytes, minimum 32 bytes"
"TK_vShutTrackVisibility","0x00171A80","0x0016F190","200","Unique identical function bytes, minimum 32 bytes"
"TK_vClearTrackVisibility","0x00171B60","0x0016F270","48","Unique identical function bytes, minimum 32 bytes"
"UpdateColor","0x00174E20","0x00172640","440","Unique identical function bytes, minimum 32 bytes"
"PyroTrail_InitColorShifting","0x00175750","0x00172F70","288","Unique identical function bytes, minimum 32 bytes"
"ActCar_GetRelativeYaw","0x00177EF0","0x00175710","116","Unique identical function bytes, minimum 32 bytes"
"ActCar_SlicesToFeet","0x00179FB0","0x001777B0","72","Unique identical function bytes, minimum 32 bytes"
"ActCar_ComputeStandardGoal","0x0017AFA0","0x00178A60","552","Unique identical function bytes, minimum 32 bytes"
"doFancyTurn","0x001822C0","0x0017CA40","540","Unique identical function bytes, minimum 32 bytes"
"Network_FindValidConnectingPoint","0x00183140","0x0017D8C0","112","Unique identical function bytes, minimum 32 bytes"
"Network_FindNearestPoint","0x001832E0","0x0017DA60","128","Unique identical function bytes, minimum 32 bytes"
"PowerUp_ClearEffect","0x00184B50","0x0017F2E0","48","Unique identical function bytes, minimum 32 bytes"
"Twister_FindValidConnectingPoint","0x00186F40","0x00181980","196","Unique identical function bytes, minimum 32 bytes"
"PI_vAddEntryToMainLoadImageDmaList","0x001ABED0","0x001A7C10","88","Unique identical function bytes, minimum 32 bytes"
"PI_vWaitForEndOfLoadImage","0x001AC220","0x001A7F60","36","Unique identical function bytes, minimum 32 bytes"
"PI_vSetToIPUTags","0x001AC450","0x001A8190","184","Unique identical function bytes, minimum 32 bytes"
"Lightning_CreateBoltReferenceFrame","0x001AE160","0x001A9E70","332","Unique identical function bytes, minimum 32 bytes"
"Lightning_GetBoltPosition","0x001AE7E0","0x001AA4F0","276","Unique identical function bytes, minimum 32 bytes"
"Lightning_GetFreeBolt","0x001AE900","0x001AA610","88","Unique identical function bytes, minimum 32 bytes"
"List_AddTail","0x001B1680","0x001ADBD0","60","Unique identical function bytes, minimum 32 bytes"
"List_DelItem","0x001B16C0","0x001ADC10","168","Unique identical function bytes, minimum 32 bytes"
"ColGlow_AddVertex","0x001BAF70","0x001B7610","36","Unique identical function bytes, minimum 32 bytes"
"LT_vManageLightTrail","0x001C1FF0","0x001BE550","272","Unique identical function bytes, minimum 32 bytes"
"vPrelitTriangleStripWithUVs_InitDataSequenceParamStruct","0x001C49D0","0x001C0F30","32","Unique identical function bytes, minimum 32 bytes"
"MemCrd_GetNewDirClusterSize","0x001C85E0","0x001C4BF0","144","Unique identical function bytes, minimum 32 bytes"
"PN_vBlit","0x001CF510","0x001CBB00","400","Unique identical function bytes, minimum 32 bytes"
"SS_vComputeUVRotationAndScaling","0x001D2960","0x001CDD20","424","Unique identical function bytes, minimum 32 bytes"
"HE_vBuildGrid","0x001D3CC0","0x001CF040","40","Unique identical function bytes, minimum 32 bytes"
"SK_vFreeFirstUsedSkidPacketInRingPool","0x001D4290","0x001CF610","200","Unique identical function bytes, minimum 32 bytes"
"HU_vUpdateCarInfos","0x001D7120","0x001D25A0","40","Unique identical function bytes, minimum 32 bytes"
"HU_iStoreInUse","0x001D7530","0x001D29F0","44","Unique identical function bytes, minimum 32 bytes"
"HU_iStorePickedUp","0x001D7560","0x001D2A20","36","Unique identical function bytes, minimum 32 bytes"
"HU_vComputeTimerDotsRGBAs","0x001D9630","0x001D4AF0","164","Unique identical function bytes, minimum 32 bytes"
"HU_vBuildTimerDotsPuffInit","0x001D9850","0x001D4D10","36","Unique identical function bytes, minimum 32 bytes"
"HU_vFreeLastMoverMoveFromRingBuffer","0x001DA4F0","0x001D5A50","48","Unique identical function bytes, minimum 32 bytes"
"HU_spGetMoverMoveFromRingBuffer","0x001DA520","0x001D5A80","60","Unique identical function bytes, minimum 32 bytes"
"HU_vStartTimer","0x001DB120","0x001D66F0","112","Unique identical function bytes, minimum 32 bytes"
"HU_vBuild2DigitsString","0x001DB770","0x001D6E90","140","Unique identical function bytes, minimum 32 bytes"
"SFXGlow_Simulate","0x001DC070","0x001D77A0","172","Unique identical function bytes, minimum 32 bytes"
